main_text,comment
,"{""1"": {""comment_id"": """"  ""comment_text"": """"}  ""2"": {""comment_id"": """"  ""comment_text"": """"}  ""3"": {""comment_id"": """"  ""comment_text"": """"}  ""4"": {""comment_id"": """"  ""comment_text"": """"}  ""5"": {""comment_id"": """"  ""comment_text"": """"}  ""6"": {""comment_id"": """"  ""comment_text"": """"}  ""7"": {""comment_id"": """"  ""comment_text"": """"}  ""8"": {""comment_id"": """"  ""comment_text"": """"}  ""9"": {""comment_id"": """"  ""comment_text"": """"}  ""10"": {""comment_id"": """"  ""comment_text"": """"}  ""11"": {""comment_id"": """"  ""comment_text"": """"}  ""12"": {""comment_id"": """"  ""comment_text"": """"}  ""13"": {""comment_id"": """"  ""comment_text"": """"}  ""14"": {""comment_id"": """"  ""comment_text"": """"}}"
,"{""1"": {""comment_id"": """"  ""comment_text"": """"}  ""2"": {""comment_id"": """"  ""comment_text"": """"}  ""3"": {""comment_id"": """"  ""comment_text"": """"}  ""4"": {""comment_id"": """"  ""comment_text"": """"}}"
,"{""1"": {""comment_id"": """"  ""comment_text"": """"}  ""2"": {""comment_id"": """"  ""comment_text"": """"}  ""3"": {""comment_id"": """"  ""comment_text"": """"}  ""4"": {""comment_id"": """"  ""comment_text"": """"}}"
,"{""1"": {""comment_id"": """"  ""comment_text"": """"}  ""2"": {""comment_id"": """"  ""comment_text"": """"}  ""3"": {""comment_id"": """"  ""comment_text"": """"}  ""4"": {""comment_id"": """"  ""comment_text"": """"}  ""5"": {""comment_id"": """"  ""comment_text"": """"}}"
,"{""1"": {""comment_id"": """"  ""comment_text"": """"}  ""2"": {""comment_id"": """"  ""comment_text"": """"}}"
,"{""1"": {""comment_id"": """"  ""comment_text"": """"}  ""2"": {""comment_id"": """"  ""comment_text"": """"}  ""3"": {""comment_id"": """"  ""comment_text"": """"}  ""4"": {""comment_id"": """"  ""comment_text"": """"}  ""5"": {""comment_id"": """"  ""comment_text"": """"}  ""6"": {""comment_id"": """"  ""comment_text"": """"}}"
,"{""1"": {""comment_id"": """"  ""comment_text"": """"}  ""2"": {""comment_id"": """"  ""comment_text"": """"}  ""3"": {""comment_id"": """"  ""comment_text"": """"}  ""4"": {""comment_id"": """"  ""comment_text"": """"}  ""5"": {""comment_id"": """"  ""comment_text"": """"}  ""6"": {""comment_id"": """"  ""comment_text"": """"}  ""7"": {""comment_id"": """"  ""comment_text"": """"}  ""8"": {""comment_id"": """"  ""comment_text"": """"}  ""9"": {""comment_id"": """"  ""comment_text"": """"}}"
,"{""1"": {""comment_id"": """"  ""comment_text"": """"}  ""2"": {""comment_id"": """"  ""comment_text"": """"}  ""3"": {""comment_id"": """"  ""comment_text"": """"}}"
,"{""1"": {""comment_id"": """"  ""comment_text"": """"}  ""2"": {""comment_id"": """"  ""comment_text"": """"}}"
,"{""1"": {""comment_id"": """"  ""comment_text"": """"}  ""2"": {""comment_id"": """"  ""comment_text"": """"}  ""3"": {""comment_id"": """"  ""comment_text"": """"}}"
,"{""1"": {""comment_id"": """"  ""comment_text"": """"}  ""2"": {""comment_id"": """"  ""comment_text"": """"}  ""3"": {""comment_id"": """"  ""comment_text"": """"}  ""4"": {""comment_id"": """"  ""comment_text"": """"}  ""5"": {""comment_id"": """"  ""comment_text"": """"}}"
,"{""1"": {""comment_id"": """"  ""comment_text"": """"}}"
,"{""1"": {""comment_id"": """"  ""comment_text"": """"}}"
,"{""1"": {""comment_id"": """"  ""comment_text"": """"}}"
,"{""1"": {""comment_id"": """"  ""comment_text"": """"}}"
,"{""1"": {""comment_id"": """"  ""comment_text"": """"}  ""2"": {""comment_id"": """"  ""comment_text"": """"}  ""3"": {""comment_id"": """"  ""comment_text"": """"}}"
,"{""1"": {""comment_id"": """"  ""comment_text"": """"}  ""2"": {""comment_id"": """"  ""comment_text"": """"}}"
,"{""1"": {""comment_id"": """"  ""comment_text"": """"}  ""2"": {""comment_id"": """"  ""comment_text"": """"}  ""3"": {""comment_id"": """"  ""comment_text"": """"}  ""4"": {""comment_id"": """"  ""comment_text"": """"}  ""5"": {""comment_id"": """"  ""comment_text"": """"}}"
,"{""1"": {""comment_id"": """"  ""comment_text"": """"}}"
,"{""1"": {""comment_id"": """"  ""comment_text"": """"}}"
,"{""1"": {""comment_id"": """"  ""comment_text"": """"}  ""2"": {""comment_id"": """"  ""comment_text"": """"}  ""3"": {""comment_id"": """"  ""comment_text"": """"}}"
,"{""1"": {""comment_id"": """"  ""comment_text"": """"}}"
,"{""1"": {""comment_id"": """"  ""comment_text"": """"}}"
,"{""1"": {""comment_id"": """"  ""comment_text"": """"}  ""2"": {""comment_id"": """"  ""comment_text"": """"}}"
,"{""1"": {""comment_id"": """"  ""comment_text"": """"}}"
,"{""1"": {""comment_id"": """"  ""comment_text"": """"}}"
,"{""1"": {""comment_id"": """"  ""comment_text"": """"}}"
,"{""1"": {""comment_id"": """"  ""comment_text"": """"}  ""2"": {""comment_id"": """"  ""comment_text"": """"}}"
,"{""1"": {""comment_id"": """"  ""comment_text"": """"}}"
farmers right#farmer #farmers #kisan #agriculturefutureğŸŒ¾ğŸŒ¾ #agriculture #khetibadiğŸŒ±ğŸŒ¾ #kisanektazindabaad#rajsthan #up #mp #sawaimadhopur #jaipur #gujarati #indian #rahul_shrimali_official #pappyagaikwad #dolandas77 #hashtag #future #animal #wheat #vidhut #ajmer #tag #viral#solution,"{""1"": {""comment_id"": ""farmer_life_agri""  ""comment_text"": ""farmers right\n#farmer #farmers #kisan #agriculturefutureğŸŒ¾ğŸŒ¾ #agriculture #khetibadiğŸŒ±ğŸŒ¾ #kisanektazindabaad\n#rajsthan #up #mp #sawaimadhopur #jaipur #gujarati #indian #rahul_shrimali_official #pappyagaikwad #dolandas77 #hashtag #future #animal #wheat #vidhut #ajmer #tag #viral\n#solution""}  ""2"": {""comment_id"": ""farmer_life_agri""  ""comment_text"": ""ğŸŒ¾ğŸŒ¾""}  ""3"": {""comment_id"": ""prakash_10k""  ""comment_text"": ""ğŸŒ¾ğŸŒ¾ğŸŒ¾""}  ""4"": {""comment_id"": ""prakash_10k""  ""comment_text"": ""ğŸŒ¾ğŸŒ¾ğŸŒ¾ğŸŒ¾""}}"
Praba ImpexBASMATI RICE Exporters & Suppliers.Let Us Help You Need. Contact a Trusted Supplier & Exporter Today!Contact Us:http://prabaimpex.com/Mob. 7867945833#prabaimpex #rice #waxmatchbox #biscuit #salt #woodenmatchbox #sugar #sweet #food #chocolate #dessert #cake #love #yummy #foodporn #sweets #delicious #foodie #whitesugar #rice #wheat #pusa1121basmatirice #1121basmatirice #rice #lollipop,"{""1"": {""comment_id"": ""praba_impex""  ""comment_text"": ""Praba Impex\nBASMATI RICE Exporters & Suppliers.\nLet Us Help You Need. Contact a Trusted Supplier & Exporter Today!\nContact Us:\nhttp://prabaimpex.com/\nMob. 7867945833\n#prabaimpex #rice #waxmatchbox #biscuit #salt #woodenmatchbox #sugar #sweet #food #chocolate #dessert #cake #love #yummy #foodporn #sweets #delicious #foodie #whitesugar #rice #wheat #pusa1121basmatirice #1121basmatirice #rice #lollipop""}  ""2"": {""comment_id"": ""praba_impex""  ""comment_text"": ""Send pic â£ï¸ @THE.FOOD.FACTORY_""}  ""3"": {""comment_id"": ""mitr492""  ""comment_text"": ""Send pic onâœ¨@food_.promo._""}}"
Bottle gourd is a wonderful source to help cool down the body !.For More Info Contact Us : +91-9722255718....#production #agriculture #agri #indianfood #vegetables #nutrition #protein #rice #wheat #bajra #india #foodstagram #healthy #healthyfood #healthylife #agro #fresh #quality #food #help #healthcare #foodie,"{""1"": {""comment_id"": ""ramiusenterprises""  ""comment_text"": ""Bottle gourd is a wonderful source to help cool down the body !\n.\nFor More Info  Contact Us : +91-9722255718\n.\n.\n.\n.\n#production #agriculture #agri #indianfood #vegetables #nutrition #protein #rice #wheat #bajra #india #foodstagram #healthy #healthyfood #healthylife #agro #fresh #quality #food #help #healthcare #foodie""}}"
ğŸ’¯....#wheat #farmlaws #farmers,"{""1"": {""comment_id"": ""akashbanerjee.in""  ""comment_text"": ""ğŸ’¯\n.\n.\n.\n.\n#wheat #farmlaws #farmers""}  ""2"": {""comment_id"": ""akashbanerjee.in""  ""comment_text"": ""Thanks to the all specially the departed souls ğŸ™ŒğŸ˜•""}  ""3"": {""comment_id"": ""mohammed_arif_sheikh""  ""comment_text"": ""@mohammed_arif_sheikh amin""}  ""4"": {""comment_id"": ""silentaleph""  ""comment_text"": ""Why thank heavens? Thank the farmers & relentless protestors""}  ""5"": {""comment_id"": ""sunflower_seeds_""  ""comment_text"": ""ğŸ™ŒğŸ™Œ""}  ""6"": {""comment_id"": ""this_is_shujath""  ""comment_text"": ""Hamare Desh k kisan ko sab pata hai...par sarkar ko kuch na pata...Ye Sarkar Paise ka sarkar hai.....Thanks to Our Farmers â¤ï¸â¤ï¸â¤ï¸""}  ""7"": {""comment_id"": ""ranjanbedi""  ""comment_text"": ""ğŸ‘ğŸ‘""}  ""8"": {""comment_id"": ""srikanth_arya18""  ""comment_text"": ""Elections nhi hote na to ye laws vaapis kbhi nhi lete ğŸ™Œ""}  ""9"": {""comment_id"": ""__d_minor""  ""comment_text"": ""@harman.dhamija but the biggest reason was elections ğŸ™Œ ek saal tak kisaan pareshan hue the lekin tab nhi liq""}  ""10"": {""comment_id"": ""__d_minor""  ""comment_text"": ""@harman.dhamija true about the farmers. But the government played a game.""}  ""11"": {""comment_id"": ""neal290111""  ""comment_text"": ""@neal290111 it always had to play the game bruh the guy reached that post by playing games what more do you expect""}  ""12"": {""comment_id"": ""bhavesh.sadawarti""  ""comment_text"": ""If they were not repealed mr.A might be the richest man of world at this time""}  ""13"": {""comment_id"": ""jaskirat_singh99""  ""comment_text"": ""Because it's Punjab""}  ""14"": {""comment_id"": ""walia116""  ""comment_text"": ""I'm from haryana... & m bhe puree ek sal vhe tikri border hi tha.... hm ye jrur kh skte hai Punjab & haryana ne protest ko lead keya but vha farmers to hrr state ke the... m ek sal me almost her state ke farmer se mela hu kuch north estern states ko chodkr""}  ""15"": {""comment_id"": ""rishu_72""  ""comment_text"": ""ğŸ™ŒğŸ™ŒğŸ’¯""}  ""16"": {""comment_id"": ""shruti.jadhav75""  ""comment_text"": ""ğŸ’¯ thanks to our farmers.....ğŸ’š""}  ""17"": {""comment_id"": ""subhuti03""  ""comment_text"": ""@subhuti03 ek sal vha baithe the yrr hm... sb ydd rkhenge es sarkar ne jo dard deya hai""}  ""18"": {""comment_id"": ""rishu_72""  ""comment_text"": ""I can imagine how there would be a food stock crisis within the country  but the private sector would be busy with exports  and govt had no way to stop them""}  ""19"": {""comment_id"": ""knock_knock_its_me_""  ""comment_text"": ""When were they repealed?""}  ""20"": {""comment_id"": ""nitrate7""  ""comment_text"": ""@nitrate7 because due to mounting pressure and year long protest by farmers and activists bjp feared it may lose upcoming elections so they were repealed""}  ""21"": {""comment_id"": ""ahsonatif""  ""comment_text"": ""@nitrate7 they were repealed in November last year""}  ""22"": {""comment_id"": ""ahsonatif""  ""comment_text"": ""@ahsonatif before up election""}  ""23"": {""comment_id"": ""that_nomadic_being""  ""comment_text"": ""Thanks to the stand up comedian Vir Das  who pressurised the so called ruling gov to withdraw the law""}  ""24"": {""comment_id"": ""jene_celes""  ""comment_text"": ""Hmara ek sal ka sanghrsh... sb ydd rkha jayega""}  ""25"": {""comment_id"": ""rishu_72""  ""comment_text"": ""Had farms laws been their... Farmers would have made fortune by selling at their own price and at any market..... But farmers are at loss.... But you would understand only if you have actually read farms laws... Not just wats app forwards...""}  ""26"": {""comment_id"": ""doc.aditya""  ""comment_text"": ""@doc.aditya Uncle jab law pass hota hai to majority kii baat sunte hai parliament me but ye BJP walo ne sab parties ko bahar kar diya Democracy hai kii nhi ? Ye bhi to law hai hee India me kii Majority jaha hogi waha hoga aur BJP wale dhajiya uda Diye uss law ka to socho agar ye bhi kanoon aata to bas dikhate vo log aisa aisa par baadme alag hee kuch karte samje !ğŸ˜‚ğŸ˜‚ğŸ˜‚ğŸ˜‚""}  ""27"": {""comment_id"": ""__visheshx__""  ""comment_text"": ""Useful Amendments in the bill would have been more beneficial than its Withdrawal""}  ""28"": {""comment_id"": ""anmolsingh_511""  ""comment_text"": ""@dan__ahmad à¤œà¥‹ à¤¸à¤š à¤¥à¤¾ à¤µà¥‹ à¤®à¥ˆà¤‚à¤¨à¥‡ à¤¬à¤¤à¤¾à¤¯à¤¾ à¤•à¥€ à¤•à¥ˆà¤¸à¥‡ à¤†à¤–à¤¿à¤°à¥€ à¤¸à¤®à¤¯ à¤ªà¤° à¤¹à¤ à¤§à¤°à¥à¤®à¤¿à¤¤à¤¾ à¤•à¥€ à¤­à¥‡à¤‚à¤Ÿ à¤šà¥ à¤—à¤¯à¤¾ à¤•à¤¿à¤¸à¤¾à¤¨ à¤µà¤¿à¤§à¥‡à¤¯à¤• à¤œà¥‹ à¤•à¤¿ à¤•à¥à¤› à¤¸à¤‚à¤¶à¥‹à¤§à¤¨ à¤”à¤° à¤¬à¤¦à¤²à¤¾à¤µà¥‹à¤‚ à¤•à¥‡ à¤¸à¤¾à¤¥ à¤²à¤¾à¤­à¤•à¤¾à¤°à¥€ à¤¸à¤¿à¤¦à¥à¤§ à¤¹à¥‹ à¤¸à¤•à¤¤à¤¾ à¤¥à¤¾ à¤•à¤¿à¤¸à¤¾à¤¨à¥‹à¤‚ à¤•à¥‡ à¤²à¤¿à¤ à¤”à¤° à¤à¤¸à¤¾ à¤•à¥ƒà¤·à¤¿ à¤µà¤¿à¤¶à¥‡à¤·à¤œà¥à¤à¥‹à¤‚ à¤¨à¥‡ à¤­à¥€ à¤®à¤¾à¤¨à¤¾ à¤¹à¥ˆà¥¤ Burnol à¤¬à¥‡à¤šà¤¨à¥‡ à¤†à¤ª à¤¹à¥€ à¤¨à¤¿à¤•à¤²à¥‡ à¤¥à¥‡ à¤¶à¤¾à¤¯à¤¦ à¤”à¤° à¤®à¥ˆà¤‚à¤¨à¥‡ à¤®à¤¨à¤¾ à¤•à¤° à¤¦à¤¿à¤¯à¤¾ à¤”à¤° à¤†à¤ª à¤¹à¥€ à¤ªà¤¾à¤°à¤¿à¤µà¤¾à¤°à¤¿à¤• à¤¸à¤‚à¤¸à¥à¤•à¤¾à¤° à¤•à¥€ à¤­à¥€ à¤¬à¤¾à¤¤ à¤•à¤° à¤°à¤¹à¥‡ à¤¹à¥ˆà¤‚ à¤µà¤¾à¤¹! à¤°à¥‡ à¥›à¤®à¤¾à¤¨à¤¾ à¤‰à¤²à¥à¤Ÿà¤¾ à¤šà¥‹à¤° à¤•à¥‹à¤¤à¤µà¤¾à¤² à¤•à¥‹ à¤¡à¤¾à¤‚à¤Ÿà¥‡à¥¤ à¤¸à¤š à¤¸à¥à¤¨à¤¨à¥‡ à¤•à¥‡ à¤²à¤¿à¤ à¤¸à¤¾à¤¹à¤¸ à¤šà¤¾à¤¹à¤¿à¤à¥¤""}  ""29"": {""comment_id"": ""anmolsingh_511""  ""comment_text"": ""@3r.han99 address à¤¸à¤Ÿà¥€à¤• à¤¤à¤°à¥€à¤•à¥‡ à¤¸à¥‡ à¤¬à¤¿à¤²à¥à¤•à¥à¤² à¤¸à¤¹à¥€ à¤œà¤—à¤¹ à¤ªà¤¹à¥à¤à¤š à¤­à¥€ à¤—à¤¯à¤¾ à¤”à¤° à¤µà¤¹à¤¾à¤‚ à¤¸à¥‡ à¤…à¤­à¥€ à¤…à¤­à¥€ reply à¤­à¥€ à¤†à¤ªà¤¨à¥‡ à¤¹à¥€ à¤¦à¤¿à¤¯à¤¾""}  ""30"": {""comment_id"": ""anmolsingh_511""  ""comment_text"": ""@anmolsingh_511 they also said that the farm laws were for the benefit of the people  and after more than a year of farmer protests they listened due to elections only  so stop the bootlicking because the bjp never does anything for the benefit of the people  it only does it for its own personal benefits directly or indirectly""}  ""31"": {""comment_id"": ""amaan_q786""  ""comment_text"": ""Jab Congress bill dobaara layegi to support karna tab tum uss time hum oppose karenge""}  ""32"": {""comment_id"": ""jeeturathore20""  ""comment_text"": ""@harman.dhamija bro there's less number pro party or pro politician people and they are loud  majority is mostly confused in \""if not then who\"" dellima ğŸ˜‚""}  ""33"": {""comment_id"": ""dan__ahmad""  ""comment_text"": ""@dan__ahmad well thatâ€™s working in the favour of ruling party  isnâ€™t it?""}  ""34"": {""comment_id"": ""harman.dhamija""  ""comment_text"": ""@harman.dhamija it is and it will  unless there's a strong leader in oppostion!""}  ""35"": {""comment_id"": ""dan__ahmad""  ""comment_text"": ""@akashbanerjee.in I am confused amongst the 2 opinion about farm laws: 1. the supporters of laws say that if the laws were not repealed  our farmers would have got higher prices due to international demand. 2. Devender sharma's opinion.""}  ""36"": {""comment_id"": ""a.x.s.h.i.s.h""  ""comment_text"": ""BCz farm law was repealed the ğŸ‹ price increased as middle man has more profitsğŸ”¥ğŸ”¥ğŸ”¥Because of the sharp rise in global prices  some farmers were selling to traders and not to the government.ğŸ˜‚ğŸ˜‚ğŸ˜‚ğŸ˜‚https://www.ndtv.com/world-news/india-wheat-export-ban-why-did-india-suddenly-ban-wheat-exports-2980642ğŸ‘ğŸ‘ğŸ‘ğŸ‘ @akashbanerjee.in do some proper research before posting anythingğŸ˜‚ğŸ˜‚ğŸ˜‚ğŸ˜‚ğŸ˜‚ğŸ˜‚ğŸ˜‚India announces some relaxation on wheat exportsğŸ‘ğŸ‘ğŸ‘ğŸ˜‚ğŸ˜‚ğŸ˜‚ğŸ˜‚ğŸ˜‚ğŸ˜‚""}}"
ĞšÑƒĞ´Ğ° ÑƒÑ…Ğ¾Ğ´Ğ¸Ñ‚ Ğ´ĞµÑ‚ÑÑ‚Ğ²Ğ¾Ğ’ Ğ½ĞµĞ´Ğ°Ğ»ÑŒĞ½Ğ¸Ğµ ĞºÑ€Ğ°ÑĞš Ñ€ĞµĞ±ÑÑ‚Ğ°Ğ¼ Ğ¿Ğ¾ ÑĞ¾ÑĞµĞ´ÑÑ‚Ğ²ÑƒĞ¢Ğ°ĞºĞ¸Ğ¼ Ğ¶Ğµ ĞºĞ°Ğº Ğ¸ Ñ.ĞĞ½Ğ¾ ÑƒĞ¹Ğ´ĞµÑ‚ Ğ½ĞµÑĞ»Ñ‹ÑˆĞ½Ğ¾ĞŸĞ¾ĞºĞ° Ğ²ĞµÑÑŒ Ğ³Ğ¾Ñ€Ğ¾Ğ´ ÑĞ¿Ğ¸Ñ‚Ğ˜ Ğ¿Ğ¸ÑĞµĞ¼ Ğ½Ğµ Ğ½Ğ°Ğ¿Ğ¸ÑˆĞµÑ‚Ğ˜ Ğ²Ñ€ÑĞ´ Ğ»Ğ¸ Ğ¿Ğ¾Ğ·Ğ²Ğ¾Ğ½Ğ¸Ñ‚...Ğ˜ Ğ·Ğ¸Ğ¼Ğ¾Ğ¹ Ğ¸ Ğ»ĞµÑ‚Ğ¾Ğ¼ĞĞµĞ±Ñ‹Ğ²Ğ°Ğ»Ñ‹Ñ… Ğ¶Ğ´Ğ°Ñ‚ÑŒ Ñ‡ÑƒĞ´ĞµÑĞ‘ÑƒĞ´ĞµÑ‚ Ğ´ĞµÑ‚ÑÑ‚Ğ²Ğ¾ Ğ³Ğ´Ğµ-Ñ‚Ğ¾ Ğ½Ğ¾ Ğ½Ğµ Ğ·Ğ´ĞµÑÑŒĞ˜ Ğ² ÑÑƒĞ³Ñ€Ğ¾Ğ±Ğ°Ñ… Ğ±ĞµĞ»Ñ‹Ñ…Ğ˜ Ğ¿Ğ¾ Ğ»ÑƒĞ¶Ğ°Ğ¼ Ñƒ Ñ€ÑƒÑ‡ÑŒÑĞ‘ÑƒĞ´ĞµÑ‚ ĞºÑ‚Ğ¾-Ñ‚Ğ¾ Ğ±ĞµĞ³Ğ°Ñ‚ÑŒĞĞ¾ Ğ½Ğµ Ñ...,"{""1"": {""comment_id"": ""freifeld_svetlana""  ""comment_text"": ""ĞšÑƒĞ´Ğ° ÑƒÑ…Ğ¾Ğ´Ğ¸Ñ‚ Ğ´ĞµÑ‚ÑÑ‚Ğ²Ğ¾\nĞ’ Ğ½ĞµĞ´Ğ°Ğ»ÑŒĞ½Ğ¸Ğµ ĞºÑ€Ğ°Ñ\nĞš Ñ€ĞµĞ±ÑÑ‚Ğ°Ğ¼ Ğ¿Ğ¾ ÑĞ¾ÑĞµĞ´ÑÑ‚Ğ²Ñƒ\nĞ¢Ğ°ĞºĞ¸Ğ¼ Ğ¶Ğµ  ĞºĞ°Ğº Ğ¸ Ñ.\nĞĞ½Ğ¾ ÑƒĞ¹Ğ´ĞµÑ‚ Ğ½ĞµÑĞ»Ñ‹ÑˆĞ½Ğ¾\nĞŸĞ¾ĞºĞ° Ğ²ĞµÑÑŒ Ğ³Ğ¾Ñ€Ğ¾Ğ´ ÑĞ¿Ğ¸Ñ‚\nĞ˜ Ğ¿Ğ¸ÑĞµĞ¼ Ğ½Ğµ Ğ½Ğ°Ğ¿Ğ¸ÑˆĞµÑ‚\nĞ˜ Ğ²Ñ€ÑĞ´ Ğ»Ğ¸ Ğ¿Ğ¾Ğ·Ğ²Ğ¾Ğ½Ğ¸Ñ‚...\nĞ˜ Ğ·Ğ¸Ğ¼Ğ¾Ğ¹ Ğ¸ Ğ»ĞµÑ‚Ğ¾Ğ¼\nĞĞµĞ±Ñ‹Ğ²Ğ°Ğ»Ñ‹Ñ… Ğ¶Ğ´Ğ°Ñ‚ÑŒ Ñ‡ÑƒĞ´ĞµÑ\nĞ‘ÑƒĞ´ĞµÑ‚ Ğ´ĞµÑ‚ÑÑ‚Ğ²Ğ¾ Ğ³Ğ´Ğµ-Ñ‚Ğ¾  Ğ½Ğ¾ Ğ½Ğµ Ğ·Ğ´ĞµÑÑŒ\nĞ˜ Ğ² ÑÑƒĞ³Ñ€Ğ¾Ğ±Ğ°Ñ… Ğ±ĞµĞ»Ñ‹Ñ…\nĞ˜ Ğ¿Ğ¾ Ğ»ÑƒĞ¶Ğ°Ğ¼ Ñƒ Ñ€ÑƒÑ‡ÑŒÑ\nĞ‘ÑƒĞ´ĞµÑ‚ ĞºÑ‚Ğ¾-Ñ‚Ğ¾ Ğ±ĞµĞ³Ğ°Ñ‚ÑŒ\nĞĞ¾ Ğ½Ğµ Ñ...""}  ""2"": {""comment_id"": ""freifeld_svetlana""  ""comment_text"": ""ĞšĞ°Ğº Ğ¶Ğµ Ñ Ğ»ÑĞ±Ğ»Ñ ÑÑ‚Ñƒ ÑĞµÑ€Ğ¸Ñ â™¥ï¸""}  ""3"": {""comment_id"": ""photographer_alekseeva""  ""comment_text"": ""#childrenphoto #childrenphotographer #children #child #kidsbookstagram #childhood #sister #sisters #sistersister #wheat #girls #girl #girlstyle #girlsgirlsgirls #girlstime#PortraitPerfection\n#israelphoto\n#InstaPortrait\n#PostMorePortraits\n#portrait_mf\n#portrait_mood\n#portraitmood\n#portrait_shots\n#israel_best\n#earth_portraits#\n#happy\n#portrait_ig\n#portraitphotograph\n#portrait\n#portrait_perfection""}  ""4"": {""comment_id"": ""freifeld_svetlana""  ""comment_text"": ""Ğ¥Ğ¾Ñ€Ğ¾ÑˆĞ°Ñ Ğ¿ĞµÑĞ½Ñ Ğ±Ñ‹Ğ»Ğ°...""}  ""5"": {""comment_id"": ""elenarubia89""  ""comment_text"": ""@elenarubia89 Ğ”Ğ° Ğ²Ğ¾Ñ‚ Ğ²ÑĞ¿Ğ¾Ğ¼Ğ½Ğ¸Ğ»Ğ° Ğ¸ Ñ‚ĞµĞ¿ĞµÑ€ÑŒ ÑĞ¸Ğ¶Ñƒ Ğ½Ğ°Ğ¿ĞµĞ²Ğ°Ñ Ğ¿Ğ¾Ñ‚Ğ¸Ñ…Ğ¾Ğ½ÑŒĞºÑƒ ğŸ˜ŠğŸ˜Š""}}"
Whole wheat Pizza with lots of Veggies Cottage Cheese & Assorted cheeses .#wholesale #wheatpaste #fitness #healthyfood #foodporn #fashion #streetart #diet #healthy #food #wheat #dieta #healthylifestyle #foodie #wholesalers #wheatenterrier #foodstagram #wholesaler #wheaten #dietsehat #healthyeating #instafood #wholefoods #urbanart #dietmayo #breakfast #foodphotography #wholeseller #wheatpasteart #emagrecer,"{""1"": {""comment_id"": ""fithomemaker""  ""comment_text"": ""Whole wheat Pizza with lots of Veggies  Cottage Cheese & Assorted cheeses .#wholesale #wheatpaste #fitness #healthyfood #foodporn #fashion #streetart #diet #healthy #food #wheat #dieta #healthylifestyle #foodie #wholesalers #wheatenterrier #foodstagram #wholesaler #wheaten #dietsehat #healthyeating #instafood #wholefoods #urbanart #dietmayo #breakfast #foodphotography #wholeseller #wheatpasteart #emagrecer""}  ""2"": {""comment_id"": ""fithomemaker""  ""comment_text"": ""Send pic â£ï¸ @THE.FOOD.FACTORY_""}  ""3"": {""comment_id"": ""army25648""  ""comment_text"": ""Send pic onâ¤ @promo_worldmedia""}}"
REACH US: SUPPORT@EXPORTMYBUSINESS.COMCALL US: +91-8285635636#wheat #wheatfree #wheatpaste #wheatgrass #wheatenterrier #wheather #wheatensofinstagram #wheaten #wheatfields #wheatensofig #wheatbeer #wheaton #wheatensofinsta #wheater #wheatbelly #wheatbread #wheatie,"{""1"": {""comment_id"": ""exportmybusiness.com_""  ""comment_text"": ""REACH US: SUPPORT@EXPORTMYBUSINESS.COM\nCALL US: +91-8285635636\n#wheat #wheatfree #wheatpaste #wheatgrass #wheatenterrier #wheather #wheatensofinstagram #wheaten #wheatfields #wheatensofig #wheatbeer #wheaton #wheatensofinsta #wheater #wheatbelly #wheatbread #wheatie""}}"
Stop Putin! #wheat #ukrainewar #climatechange,"{""1"": {""comment_id"": ""hotforwords""  ""comment_text"": ""Stop Putin! #wheat #ukrainewar #climatechange""}}"
ğŸš«BANNED: Wheat Exports in IndiaFollowing a Heatwave the ğŸŒ¾ Wheat Production of the country has reduced.ğŸ§Will there be a price surge in the staple grain of India? To know more about the consequences and the outcome of this decision Swipe Left â—€ï¸#Wheatexportsbanned ğŸŒ¾ğŸš«Credits: @jehan_navdar @__dwitii__ @navin.khablani @shubham_jalan123 @hetvi_shah03 @manesha_j6#government #banned #wheat #modi #india #international #exports #currentaffairs,"{""1"": {""comment_id"": ""ibsm_rotaract""  ""comment_text"": ""ğŸš«BANNED: Wheat Exports in India\n\nFollowing a Heatwave the ğŸŒ¾ Wheat Production of the country has reduced.\n\nğŸ§Will there be a price surge in the staple grain of India? To know more about the consequences and the outcome of this decision Swipe Left â—€ï¸\n\n#Wheatexportsbanned ğŸŒ¾ğŸš«\n\nCredits: @jehan_navdar @__dwitii__ @navin.khablani @shubham_jalan123 @hetvi_shah03 @manesha_j6\n\n#government #banned #wheat #modi #india #international #exports #currentaffairs""}  ""2"": {""comment_id"": ""ibsm_rotaract""  ""comment_text"": ""ğŸ‘ğŸ‘""}  ""3"": {""comment_id"": ""navin.khablani""  ""comment_text"": ""â£ï¸Send pic on ğŸ’Œ @classic_.photography___""}}"
à®…à®©à¯ˆà®¤à¯à®¤à¯ à®•à¯‹à®£à®™à¯à®•à®³à®¿à®²à¯à®®à¯ à®…à®²à®šà¯à®®à¯'à®¨à®¿à®¯à¯‚à®¸à¯ 360'à®‡à®©à¯à®±à¯ à®ªà®¿à®±à¯à®ªà®•à®²à¯ 2 à®®à®£à®¿à®•à¯à®•à¯...#WheatExports | #Wheat | #QuarryAccident | #Nellai | #News360,"{""1"": {""comment_id"": ""puthiyathalaimurai""  ""comment_text"": ""à®…à®©à¯ˆà®¤à¯à®¤à¯ à®•à¯‹à®£à®™à¯à®•à®³à®¿à®²à¯à®®à¯ à®…à®²à®šà¯à®®à¯\n'à®¨à®¿à®¯à¯‚à®¸à¯ 360'\n\nà®‡à®©à¯à®±à¯ à®ªà®¿à®±à¯à®ªà®•à®²à¯ 2 à®®à®£à®¿à®•à¯à®•à¯...\n\n#WheatExports | #Wheat | #QuarryAccident | #Nellai | #News360""}}"
Global #wheat prices hit a 14-year high after #India #banned wheat #exports in a bid to check high prices amid concerns of wheat output being hit by the scorching #heatwave. The #US #winter crop conditions have worsened and supply disruptions from the Black Sea region are also expected.#Ukraine's production is expected to go down by 35 percent this year and the world stock is down by 5 percent and is at a 6-year low according to the latest report from the United States Department of Agriculture (USDA)..............Link in *IG stories,"{""1"": {""comment_id"": ""cnbctv18india""  ""comment_text"": ""Global #wheat prices hit a 14-year high after #India #banned wheat #exports in a bid to check high prices amid concerns of wheat output being hit by the scorching #heatwave. The #US #winter crop conditions have worsened  and supply disruptions from the Black Sea region are also expected.\n\n#Ukraine's production is expected to go down by 35 percent this year  and the world stock is down by 5 percent and is at a 6-year low  according to the latest report from the United States Department of Agriculture (USDA).\n.\n.\n.\n.\n.\n.\n.\n.\n.\n.\n.\n.\n.\nLink in *IG stories""}  ""2"": {""comment_id"": ""cnbctv18india""  ""comment_text"": ""Good..... we need to sell it at all time high price.""}  ""3"": {""comment_id"": ""imanojkhanda""  ""comment_text"": ""ğ™¸ ğšğš˜ğš—â€™ğš ğš‘ğšŠğšŸğš ğšŠ ğš ğšğš•ğš• ğš™ğšŠğš’ğš ğš“ğš˜ğš‹ ğš‹ğšğš ğš‹ğš•ğš˜ğšŒğš”ğšŒğš‘ğšŠğš’ğš— ğšğšğšŒğš‘ğš—ğš˜ğš•ğš˜ğšğš¢ ğšŠğš—ğš ğšŒğš›ğš¢ğš™ğšğš˜ ğš’ğšœ ğšğš˜ğš’ğš—ğš ğšŠ ğšğš›ğšğšŠğš ğš“ğš˜ğš‹ ğšğš˜ğš› ğš–ğš. $35 890 ğš ğš’ğšğš‘ ğšŠğš— ğš’ğš—ğšŸğšğšœğšğš–ğšğš—ğš ğšŒğšŠğš™ğš’ğšğšŠğš• ğš˜ğš$1800 ğš’ğšâ€™ğšœ ğš›ğšğšŠğš•ğš•ğš¢ ğšŠğš—ğšœğšğš˜ğš—ğš’ğšœğš‘ğš’ğš—ğš. ğšƒğš‘ğšŠğš—ğš” ğš¢ğš˜ğš ğšğš˜ğš› ğšğš‘ğš’ğšœ ğš˜ğš™ğš™ğš˜ğš›ğšğšğš—ğš’ğšğš¢\n@charlize_rhode_fx""}  ""4"": {""comment_id"": ""ykwtfgo.vannah""  ""comment_text"": ""â£ï¸Send pic on ğŸ’Œ @classic_.photography___""}  ""5"": {""comment_id"": ""lalugujar4""  ""comment_text"": ""â£ï¸Send pic on ğŸ’Œ @classic_.photography___""}}"
G7 à¤¦à¥‡à¤¶ à¤­à¤¾à¤°à¤¤ à¤¸à¥‡ à¤¨à¤¾à¤°à¤¾à¤œ à¤•à¥à¤¯à¥‹à¤‚? à¤­à¤¾à¤°à¤¤ à¤¨à¥‡ à¤—à¥‡à¤¹à¥‚à¤‚ à¤•à¥‡ expoart à¤ªà¤° à¤¬à¥ˆà¤¨ à¤•à¥à¤¯à¥‹à¤‚ à¤²à¤—à¤¾à¤¯à¤¾? #shoart's #rells#international new's#instagram shoart's.#wheat expoartà¥¤ Jai shree mahakalà¥¤ Jai hindustanà¥¤,"{""1"": {""comment_id"": ""getfactset""  ""comment_text"": ""G7 à¤¦à¥‡à¤¶ à¤­à¤¾à¤°à¤¤ à¤¸à¥‡ à¤¨à¤¾à¤°à¤¾à¤œ à¤•à¥à¤¯à¥‹à¤‚? à¤­à¤¾à¤°à¤¤ à¤¨à¥‡ à¤—à¥‡à¤¹à¥‚à¤‚ à¤•à¥‡ expoart à¤ªà¤° à¤¬à¥ˆà¤¨ à¤•à¥à¤¯à¥‹à¤‚ à¤²à¤—à¤¾à¤¯à¤¾? #shoart's  #rells#international new's#instagram shoart's.#wheat expoartà¥¤ Jai shree mahakalà¥¤ Jai hindustanà¥¤""}}"
Chirag Lite Oil..To know more..Chirag Enterprises6 th LaneJaysingpur 416101+91 7066916916chiragenterprises1999@gmail.com#businessconsulting #businessdevelopment #businessstrategy #businessconsultant #business101 #startupbusiness #businessintelligence #startups #enterpreneurship #startupnation#jaysingpur #wheat #vegetables #healthyeating #healthy #oil #agriculture #sangli #sanglikar #sanglicity #kolhapuristyle #kolhapurkar #kurundwad #ichalkaranji #grains,"{""1"": {""comment_id"": ""chiragenterprises_jaysingpur""  ""comment_text"": ""Chirag Lite Oil\n.\n.\nTo know more..\nChirag Enterprises \n6 th Lane \nJaysingpur 416101\n+91 7066916916\nchiragenterprises1999@gmail.com\n#businessconsulting #businessdevelopment #businessstrategy #businessconsultant #business101 #startupbusiness #businessintelligence #startups #enterpreneurship #startupnation\n#jaysingpur #wheat #vegetables #healthyeating #healthy #oil #agriculture #sangli #sanglikar #sanglicity #kolhapuristyle #kolhapurkar #kurundwad #ichalkaranji #grains""}}"
à¤ªà¤‚à¤œà¤¾à¤¬ à¤®à¥‡à¤‚ à¤•à¤¿à¤¸à¤¾à¤¨ à¤—à¥‡à¤¹à¥‚à¤‚ à¤•à¥€ à¤¨à¤¾à¤¡ à¤®à¥‡à¤‚ à¤†à¤— à¤²à¤—à¤¾ à¤°à¤¹à¥‡ à¤¹à¥ˆà¤‚ à¤œà¤¿à¤¸à¤¸à¥‡ à¤†à¤ à¤¦à¤¿à¤¨ à¤¹à¤¾à¤¦à¤¸à¥‡ à¤¹à¥€ à¤°à¤¹à¥‡ à¤¹à¥ˆà¤‚à¥¤ 15 à¤®à¤ˆ à¤•à¥€ à¤¶à¤¾à¤® à¤¡à¥‡à¤°à¤¾à¤¬à¤¸à¥€ à¤•à¥‡ à¤—à¤¾à¤‚à¤µ à¤¦à¥à¤°à¤ªà¥à¤° à¤®à¥‡à¤‚ à¤•à¤¿à¤¸à¤¾à¤¨ à¤¨à¥‡ à¤—à¥‡à¤¹à¥‚à¤‚ à¤•à¥€ à¤•à¤Ÿà¤¾à¤ˆ à¤•à¥‡ à¤¬à¤¾à¤¦ à¤¬à¤šà¥‡ à¤…à¤µà¤¶à¥‡à¤·à¥‹à¤‚ à¤®à¥‡à¤‚ à¤†à¤— à¤²à¤—à¤¾ à¤¦à¥€à¥¤ à¤†à¤— à¤‡à¤¤à¤¨à¥€ à¤­à¤¯à¤‚à¤•à¤° à¤¥à¥€ à¤œà¥‹ à¤¶à¤¾à¤®à¤²à¤¾à¤¤ à¤®à¥‡à¤‚ à¤¬à¤¨à¥€ à¤®à¤œà¤¦à¥‚à¤°à¥‹à¤‚ à¤•à¥€ à¤à¥à¤—à¥à¤—à¤¿à¤¯à¥‹à¤‚ à¤¤à¤• à¤ªà¤¹à¥à¤‚à¤š à¤—à¤ˆà¥¤ à¤‡à¤¸ à¤†à¤— à¤®à¥‡à¤‚ à¤¡à¥‡à¥ à¤¸à¤¾à¤² à¤•à¥€ à¤¬à¤šà¥à¤šà¥€ à¤œà¤¿à¤‚à¤¦à¤¾ à¤œà¤² à¤—à¤ˆà¥¤ à¤œà¤¿à¤¸ à¤•à¤¿à¤¸à¤¾à¤¨ à¤¨à¥‡ à¤–à¥‡à¤¤à¥‹à¤‚ à¤®à¥‡à¤‚ à¤†à¤— à¤²à¤—à¤¾à¤ˆ à¤¥à¥€ à¤ªà¥à¤²à¤¿à¤¸ à¤¨à¥‡ à¤‰à¤¸à¥‡ à¤—à¤¿à¤°à¤«à¥à¤¤à¤¾à¤° à¤•à¤° à¤²à¤¿à¤¯à¤¾ à¤¹à¥ˆà¥¤ à¤ªà¤‚à¤œà¤¾à¤¬ à¤®à¥‡à¤‚ à¤–à¥‡à¤¤à¥‹à¤‚ à¤®à¥‡à¤‚ à¤†à¤— à¤²à¤—à¤¾à¤¨à¥‡ à¤•à¥‡ à¤•à¤¾à¤°à¤£ à¤ªà¤¹à¤²à¥‡ à¤­à¥€ à¤¹à¤¾à¤¦à¤¸à¥‡ à¤¹à¥‹ à¤šà¥à¤•à¥‡ à¤¹à¥ˆà¤‚ à¥¤ à¤•à¥à¤› à¤¦à¤¿à¤¨ à¤ªà¤¹à¤²à¥‡ à¤—à¥à¤°à¤¦à¤¾à¤¸à¤ªà¥à¤° à¤•à¥‡ à¤—à¤¾à¤‚à¤µ à¤¬à¤¿à¤œà¤²à¥€à¤µà¤¾à¤² à¤®à¥‡à¤‚ à¤­à¥€ à¤–à¥‡à¤¤à¥‹à¤‚ à¤®à¥‡à¤‚ à¤²à¤—à¥€ à¤†à¤— à¤•à¥‡ à¤•à¤¾à¤°à¤£ à¤¸à¥à¤•à¥‚à¤² à¤¬à¤¸ à¤šà¤ªà¥‡à¤Ÿ à¤®à¥‡à¤‚ à¤† à¤—à¤ˆ à¤¥à¥€à¥¤ 2 à¤¬à¤šà¥à¤šà¥‡ à¤‰à¤¸ à¤¹à¤¾à¤¦à¤¸à¥‡ à¤®à¥‡à¤‚ à¤˜à¤¾à¤¯à¤² à¤¹à¥à¤ à¤¥à¥‡à¥¤ à¤²à¥‡à¤•à¤¿à¤¨ à¤‡à¤¨ à¤¹à¤¾à¤¦à¤¸à¥‹à¤‚ à¤•à¥‡ à¤¬à¤¾à¤¦ à¤¨ à¤¤à¥‹ à¤•à¤¿à¤¸à¤¾à¤¨ à¤¸à¤¬à¤• à¤²à¥‡ à¤°à¤¹à¥‡ à¤¹à¥ˆà¤‚ à¤”à¤° à¤¨ à¤¹à¥€ à¤ªà¥à¤°à¤¶à¤¾à¤¸à¤¨ à¤à¤¸à¥‡ à¤•à¤¿à¤¸à¤¾à¤¨à¥‹à¤‚ à¤ªà¤° à¤•à¤¾à¤°à¥à¤°à¤µà¤¾à¤ˆ à¤•à¤° à¤°à¤¹à¤¾ à¤¹à¥ˆà¥¤#theforefrontnews #theforefront #wheat #agriculture #stubbleburning #dangerous #deathofakid #derabassi #punjab #punjabnews #punjabgovernment ________________________________________We are also available atTelegram: https://t.me/theforefront22Youtube: https://www.youtube.com/channel/UC3eh06j4XpCKtQ-T0SI_gqATwitter: https://twitter.com/forefront_theFacebook: https://www.facebook.com/theforefront2022,"{""1"": {""comment_id"": ""theforefront_media""  ""comment_text"": ""à¤ªà¤‚à¤œà¤¾à¤¬ à¤®à¥‡à¤‚ à¤•à¤¿à¤¸à¤¾à¤¨ à¤—à¥‡à¤¹à¥‚à¤‚ à¤•à¥€ à¤¨à¤¾à¤¡ à¤®à¥‡à¤‚ à¤†à¤— à¤²à¤—à¤¾ à¤°à¤¹à¥‡ à¤¹à¥ˆà¤‚ à¤œà¤¿à¤¸à¤¸à¥‡ à¤†à¤ à¤¦à¤¿à¤¨ à¤¹à¤¾à¤¦à¤¸à¥‡ à¤¹à¥€ à¤°à¤¹à¥‡ à¤¹à¥ˆà¤‚à¥¤ 15 à¤®à¤ˆ à¤•à¥€ à¤¶à¤¾à¤® à¤¡à¥‡à¤°à¤¾à¤¬à¤¸à¥€ à¤•à¥‡ à¤—à¤¾à¤‚à¤µ à¤¦à¥à¤°à¤ªà¥à¤° à¤®à¥‡à¤‚ à¤•à¤¿à¤¸à¤¾à¤¨ à¤¨à¥‡ à¤—à¥‡à¤¹à¥‚à¤‚ à¤•à¥€ à¤•à¤Ÿà¤¾à¤ˆ à¤•à¥‡ à¤¬à¤¾à¤¦ à¤¬à¤šà¥‡ à¤…à¤µà¤¶à¥‡à¤·à¥‹à¤‚ à¤®à¥‡à¤‚ à¤†à¤— à¤²à¤—à¤¾ à¤¦à¥€à¥¤ à¤†à¤— à¤‡à¤¤à¤¨à¥€ à¤­à¤¯à¤‚à¤•à¤° à¤¥à¥€ à¤œà¥‹ à¤¶à¤¾à¤®à¤²à¤¾à¤¤ à¤®à¥‡à¤‚ à¤¬à¤¨à¥€ à¤®à¤œà¤¦à¥‚à¤°à¥‹à¤‚ à¤•à¥€ à¤à¥à¤—à¥à¤—à¤¿à¤¯à¥‹à¤‚ à¤¤à¤• à¤ªà¤¹à¥à¤‚à¤š à¤—à¤ˆà¥¤ à¤‡à¤¸ à¤†à¤— à¤®à¥‡à¤‚ à¤¡à¥‡à¥ à¤¸à¤¾à¤² à¤•à¥€ à¤¬à¤šà¥à¤šà¥€ à¤œà¤¿à¤‚à¤¦à¤¾ à¤œà¤² à¤—à¤ˆà¥¤ à¤œà¤¿à¤¸ à¤•à¤¿à¤¸à¤¾à¤¨ à¤¨à¥‡ à¤–à¥‡à¤¤à¥‹à¤‚ à¤®à¥‡à¤‚ à¤†à¤— à¤²à¤—à¤¾à¤ˆ à¤¥à¥€ à¤ªà¥à¤²à¤¿à¤¸ à¤¨à¥‡ à¤‰à¤¸à¥‡ à¤—à¤¿à¤°à¤«à¥à¤¤à¤¾à¤° à¤•à¤° à¤²à¤¿à¤¯à¤¾ à¤¹à¥ˆà¥¤ à¤ªà¤‚à¤œà¤¾à¤¬ à¤®à¥‡à¤‚ à¤–à¥‡à¤¤à¥‹à¤‚ à¤®à¥‡à¤‚ à¤†à¤— à¤²à¤—à¤¾à¤¨à¥‡ à¤•à¥‡ à¤•à¤¾à¤°à¤£ à¤ªà¤¹à¤²à¥‡ à¤­à¥€ à¤¹à¤¾à¤¦à¤¸à¥‡ à¤¹à¥‹ à¤šà¥à¤•à¥‡ à¤¹à¥ˆà¤‚ à¥¤ à¤•à¥à¤› à¤¦à¤¿à¤¨ à¤ªà¤¹à¤²à¥‡ à¤—à¥à¤°à¤¦à¤¾à¤¸à¤ªà¥à¤° à¤•à¥‡ à¤—à¤¾à¤‚à¤µ à¤¬à¤¿à¤œà¤²à¥€à¤µà¤¾à¤² à¤®à¥‡à¤‚ à¤­à¥€ à¤–à¥‡à¤¤à¥‹à¤‚ à¤®à¥‡à¤‚ à¤²à¤—à¥€ à¤†à¤— à¤•à¥‡ à¤•à¤¾à¤°à¤£ à¤¸à¥à¤•à¥‚à¤² à¤¬à¤¸ à¤šà¤ªà¥‡à¤Ÿ à¤®à¥‡à¤‚ à¤† à¤—à¤ˆ à¤¥à¥€à¥¤ 2 à¤¬à¤šà¥à¤šà¥‡ à¤‰à¤¸ à¤¹à¤¾à¤¦à¤¸à¥‡ à¤®à¥‡à¤‚ à¤˜à¤¾à¤¯à¤² à¤¹à¥à¤ à¤¥à¥‡à¥¤ à¤²à¥‡à¤•à¤¿à¤¨ à¤‡à¤¨ à¤¹à¤¾à¤¦à¤¸à¥‹à¤‚ à¤•à¥‡ à¤¬à¤¾à¤¦ à¤¨ à¤¤à¥‹ à¤•à¤¿à¤¸à¤¾à¤¨ à¤¸à¤¬à¤• à¤²à¥‡ à¤°à¤¹à¥‡ à¤¹à¥ˆà¤‚ à¤”à¤° à¤¨ à¤¹à¥€ à¤ªà¥à¤°à¤¶à¤¾à¤¸à¤¨ à¤à¤¸à¥‡ à¤•à¤¿à¤¸à¤¾à¤¨à¥‹à¤‚ à¤ªà¤° à¤•à¤¾à¤°à¥à¤°à¤µà¤¾à¤ˆ à¤•à¤° à¤°à¤¹à¤¾ à¤¹à¥ˆà¥¤\n#theforefrontnews #theforefront #wheat #agriculture #stubbleburning #dangerous #deathofakid #derabassi #punjab #punjabnews #punjabgovernment ________________________________________\nWe are also available at\nTelegram: https://t.me/theforefront22\nYoutube: https://www.youtube.com/channel/UC3eh06j4XpCKtQ-T0SI_gqA\nTwitter: https://twitter.com/forefront_the\nFacebook: https://www.facebook.com/theforefront2022""}}"
Wheat Straw Water BottleğŸŒ¾Food grade PP plus natural wheat strawğŸ¥³Spring spout lid and easy carrying ropeâœ”ï¸âœ”ï¸Portable and handheld for outdoor eventsâ›±ğŸğŸœâ›°ğŸ•#waterbottle #widemouth #sportbottle #straight #drinkware #handheld #colorful #wheat #straw,"{""1"": {""comment_id"": ""nicole_vivocup""  ""comment_text"": ""Wheat Straw Water BottleğŸŒ¾\nFood grade PP plus natural wheat strawğŸ¥³\nSpring spout lid and easy carrying ropeâœ”ï¸âœ”ï¸\nPortable and handheld for outdoor eventsâ›±ğŸğŸœâ›°ğŸ•\n#waterbottle #widemouth #sportbottle #straight #drinkware #handheld #colorful #wheat #straw""}}"
Our butter bread is made of the best quality. Baked to satisfy your cravings.#butterbread #butter #bread#wholewheat #wheat #wholewheatbread #wheatbread #loaf #wheatloaf #healthylifestyle #healthyfood #diet #fitness #protien #lifestyle #manjeri #malappuram #malappuramfoodies #manjerikkar #manjerikkaran #perinthalmannagram #perinthalmannagram #tirur #kottakal #kozhikode #calicut #keralabakers #bakesofinstagram #bakemart,"{""1"": {""comment_id"": ""olenecanto""  ""comment_text"": ""Our butter bread is made of the best quality. Baked to satisfy your cravings.\n\n#butterbread #butter #bread\n#wholewheat #wheat #wholewheatbread #wheatbread #loaf #wheatloaf #healthylifestyle #healthyfood #diet #fitness #protien #lifestyle #manjeri #malappuram #malappuramfoodies #manjerikkar #manjerikkaran #perinthalmannagram #perinthalmannagram #tirur #kottakal #kozhikode #calicut #keralabakers #bakesofinstagram #bakemart""}  ""2"": {""comment_id"": ""olenecanto""  ""comment_text"": ""Promote it on @alpha.__fitness""}}"
Love this colour! Vintage metal tray in the prettiest shade of midcentury turquoise. This little tray has a wheat motif and handles so unique and such vintage charm. Available on our website and by DM. $30 #vintage #mcm #midcenturymodern #midcenturyhome #midcentury #midcenturydesign #wheat #turquoise #vintage #vintagekitchen #vintagestyle #preloved #sustainability #reuserecycle #love #vintageshop #vintageboutique,"{""1"": {""comment_id"": ""itsvintageyyc""  ""comment_text"": ""Love this colour! Vintage metal tray in the prettiest shade of midcentury turquoise. This little tray has a wheat motif and handles  so unique and such vintage charm. Available on our website and by DM. $30 #vintage #mcm #midcenturymodern #midcenturyhome #midcentury #midcenturydesign #wheat #turquoise #vintage #vintagekitchen #vintagestyle #preloved #sustainability #reuserecycle #love #vintageshop #vintageboutique""}}"
Largest Wheat Producing Country in the World - China...ğŸ’¡TAG a friend in Comments to show this ğŸ’¡ğŸ“TURN ON POST NOTIFICATIONğŸ“*By Follow for more ğŸ‘‡Follow @gs_knowledge_keyFollow @gs_knowledge_keySave â˜‘ï¸ | Share ğŸ“² | Comment âœï¸...#wheatproduction #wheat #china #wheatexport #india #russia #wheatflour #staticgkquiz #gkquestions #gktoday #gkfacts#gkworld #generalknowledge #generalawareness #currentaffairs #gsknowledgekey #upsc #upscexam #upscaspirants #ssc #sscchsl #sscgd #dsssb #reetexam #opsc #bpsc #keralapscquestions #gpscpreparation #rpsc #wbpsc,"{""1"": {""comment_id"": ""gs_knowledge_key""  ""comment_text"": ""Largest Wheat Producing Country in the World - China\n.\n.\n.\nğŸ’¡TAG a friend in Comments to show this ğŸ’¡\nğŸ“TURN ON POST NOTIFICATIONğŸ“\n*By Follow for more ğŸ‘‡\n\nFollow @gs_knowledge_key\nFollow @gs_knowledge_key\n\nSave â˜‘ï¸ | Share ğŸ“² | Comment âœï¸\n.\n.\n.\n#wheatproduction #wheat #china #wheatexport #india #russia #wheatflour #staticgkquiz #gkquestions #gktoday #gkfacts\n#gkworld #generalknowledge #generalawareness #currentaffairs #gsknowledgekey #upsc #upscexam #upscaspirants #ssc #sscchsl #sscgd #dsssb #reetexam #opsc #bpsc #keralapscquestions #gpscpreparation #rpsc #wbpsc""}  ""2"": {""comment_id"": ""gs_knowledge_key""  ""comment_text"": ""Send pic onâ¤ï¸ @vintage._photographers""}}"
How Old were You When You Made Your First Roti?Tell Your Roti Making Stories To Us and get a chance to feature in our page!!Change Your Normal Atta to Trishul Chakki Atta Now.Visit Us:SHIV SHAKTI PROCESSED FOODS PVT. LTD.Vill. Shimla Pistor P.O. Lalpur Kichha Road Rudrapur (U.S.Nagar) - 263152 UttrakhandContact:- 9997310001 7500822222Email : Info@shivshaktifoods.com#flour #bread #food #baking #sourdough #homemade #bakery #foodporn #foodie #cooking #artisanbread #baker #instafood #foodstagram #wheat #sourdoughbread #yummy #delicious #foodphotography #breadmaking #pizza #healthy #bhfyp #hoomecooked #trishulatta,"{""1"": {""comment_id"": ""shivshaktirdr""  ""comment_text"": ""How Old were You  When You Made Your First Roti?\nTell Your Roti Making Stories To Us and get a chance to feature in our page!!\n\nChange Your Normal Atta to Trishul Chakki Atta Now.\nVisit Us:\nSHIV SHAKTI PROCESSED FOODS PVT. LTD.\nVill. Shimla Pistor  P.O. Lalpur  Kichha Road  Rudrapur (U.S.Nagar) - 263152 Uttrakhand\nContact:- 9997310001  7500822222\nEmail : Info@shivshaktifoods.com\n#flour #bread #food #baking #sourdough #homemade #bakery #foodporn #foodie #cooking #artisanbread #baker #instafood #foodstagram #wheat #sourdoughbread #yummy #delicious #foodphotography #breadmaking #pizza #healthy #bhfyp #hoomecooked #trishulatta""}}"
"""Our passion for the machines earned the invaluable trust of our clients in last 23 years!...ğŸ“ : Amar Flour Mill 28 Gopinath Estate Near Palm Hotel Odhav Ahmedabad - 382415ğŸ“ : +91 99986 85168ğŸŒ : www.amarflourmill.com...#flourmill #flour #wheat #grain #milling #rollermill #rollingmill #mill #bread #food #technology #machine #factory#international #flourmachine #flourfactory #degirman #quality #kitchen #KitchenEquipment #kitchenappliance #hotel#restaurant #amarflourmill #amarflourmills","{""1"": {""comment_id"": ""amar_flourmill""  ""comment_text"": ""\""Our passion for the machines earned the invaluable trust of our clients in last 23 years!\n.\n.\n.\nğŸ“ : Amar Flour Mill  28  Gopinath Estate  Near Palm Hotel  Odhav  Ahmedabad - 382415\nğŸ“ : +91 99986 85168\nğŸŒ : www.amarflourmill.com\n...\n#flourmill #flour #wheat #grain #milling #rollermill #rollingmill #mill #bread #food #technology #machine #factory\n#international #flourmachine #flourfactory #degirman #quality #kitchen #KitchenEquipment #kitchenappliance #hotel\n#restaurant #amarflourmill #amarflourmills""}  ""2"": {""comment_id"": ""amar_flourmill""  ""comment_text"": ""Send it on ğŸ‘‰ @__home__decors""}}"
""" à¤ªà¤‚à¤œà¤¾à¤¬ à¤®à¥‡à¤‚ à¤•à¤¿à¤¸à¤¾à¤¨à¥‹à¤‚ à¤¨à¥‡ à¤¶à¥à¤°à¥‚ à¤•à¤¿à¤¯à¤¾ à¤†à¤‚à¤¦à¥‹à¤²à¤¨ "" à¤šà¤‚à¤¡à¥€à¤—à¤¢à¤¼ à¤®à¥‹à¤¹à¤¾à¤²à¥€ à¤¬à¥‰à¤°à¥à¤¡à¤° à¤ªà¤° à¤¬à¤¡à¤¼à¤¾ à¤§à¤°à¤¨à¤¾  à¤ªà¤‚à¤œà¤¾à¤¬ à¤®à¥‡à¤‚ à¤†à¤® à¤†à¤¦à¤®à¥€ à¤ªà¤¾à¤°à¥à¤Ÿà¥€ à¤•à¥€ à¤¸à¤°à¤•à¤¾à¤° à¤•à¥‡ à¤–à¤¿à¤²à¤¾à¤« à¤•à¤¿à¤¸à¤¾à¤¨à¥‹à¤‚ à¤¨à¥‡ à¤ªà¥à¤°à¤¦à¤°à¥à¤¶à¤¨ à¤•à¤¿à¤¯à¤¾ à¤¹à¥ˆ à¤—à¥‡à¤¹à¥‚à¤‚ à¤–à¤°à¥€à¤¦ à¤ªà¤° à¤¬à¥‹à¤¨à¤¸ à¤”à¤° à¤¦à¥‚à¤¸à¤°à¥€ à¤•à¤ˆ à¤®à¤¾à¤‚à¤—à¥‹à¤‚ à¤•à¥‹ à¤²à¥‡à¤•à¤° à¤šà¤² à¤°à¤¹à¤¾ à¤¹à¥ˆ à¤ªà¥à¤°à¤¦à¤°à¥à¤¶à¤¨.....#punjab #chandigarh #cmopunjab #BhagwantMann #farmer #cmofdelhi #arvindkejriwalji #border #wheat #AapParty #delhi","{""1"": {""comment_id"": ""worldnewsservicewns""  ""comment_text"": ""\"" à¤ªà¤‚à¤œà¤¾à¤¬ à¤®à¥‡à¤‚ à¤•à¤¿à¤¸à¤¾à¤¨à¥‹à¤‚ à¤¨à¥‡ à¤¶à¥à¤°à¥‚ à¤•à¤¿à¤¯à¤¾ à¤†à¤‚à¤¦à¥‹à¤²à¤¨ \"" à¤šà¤‚à¤¡à¥€à¤—à¤¢à¤¼ à¤®à¥‹à¤¹à¤¾à¤²à¥€ à¤¬à¥‰à¤°à¥à¤¡à¤° à¤ªà¤° à¤¬à¤¡à¤¼à¤¾ à¤§à¤°à¤¨à¤¾   à¤ªà¤‚à¤œà¤¾à¤¬ à¤®à¥‡à¤‚ à¤†à¤® à¤†à¤¦à¤®à¥€ à¤ªà¤¾à¤°à¥à¤Ÿà¥€ à¤•à¥€ à¤¸à¤°à¤•à¤¾à¤° à¤•à¥‡ à¤–à¤¿à¤²à¤¾à¤« à¤•à¤¿à¤¸à¤¾à¤¨à¥‹à¤‚ à¤¨à¥‡ à¤ªà¥à¤°à¤¦à¤°à¥à¤¶à¤¨ à¤•à¤¿à¤¯à¤¾ à¤¹à¥ˆ   à¤—à¥‡à¤¹à¥‚à¤‚ à¤–à¤°à¥€à¤¦ à¤ªà¤° à¤¬à¥‹à¤¨à¤¸ à¤”à¤° à¤¦à¥‚à¤¸à¤°à¥€ à¤•à¤ˆ à¤®à¤¾à¤‚à¤—à¥‹à¤‚ à¤•à¥‹ à¤²à¥‡à¤•à¤° à¤šà¤² à¤°à¤¹à¤¾ à¤¹à¥ˆ à¤ªà¥à¤°à¤¦à¤°à¥à¤¶à¤¨.....\n\n#punjab #chandigarh #cmopunjab #BhagwantMann #farmer #cmofdelhi #arvindkejriwalji #border #wheat #AapParty #delhi""}}"
We've been up to some seedy things recently.... hopefully the little baby wheats will grow big and strong!#horseshoebendranch #ranch #ranchlife #mtadams #mountadams #mountains #washington #washingtonstate #pnw #pnwonderland #pnwlife #pacificnorthwest #spring #farm #farmer #wheat #seeding,"{""1"": {""comment_id"": ""horseshoebendranch""  ""comment_text"": ""We've been up to some seedy things recently.... hopefully the little baby wheats will grow big and strong!\n\n#horseshoebendranch #ranch #ranchlife #mtadams #mountadams #mountains #washington #washingtonstate #pnw #pnwonderland #pnwlife #pacificnorthwest #spring #farm #farmer #wheat #seeding""}  ""2"": {""comment_id"": ""horseshoebendranch""  ""comment_text"": ""follow @jaxaustin ?ğŸ˜ğŸšŒ""}}"
WTO's Peace Clause#upsc2022 #upscprelims2022 #prelims2022 #upscaspirants #upscmcqs #upsccse2022 #anupam #upsctricks #upscmotivation #upscmeme #iasprelims #iasexam #iasexams #ias #UPSC #uppsc #bpsc#wto #wheat,"{""1"": {""comment_id"": ""upsc_gsfacts""  ""comment_text"": ""WTO's Peace Clause\n#upsc2022 #upscprelims2022 #prelims2022 #upscaspirants #upscmcqs #upsccse2022 #anupam #upsctricks #upscmotivation #upscmeme #iasprelims #iasexam #iasexams #ias #UPSC #uppsc #bpsc\n#wto #wheat""}  ""2"": {""comment_id"": ""upsc_gsfacts""  ""comment_text"": ""D""}}"
Happy Founders Week to the Sorors of #gammarhoomicronJust a few photos of us showing our sorority pride @alanamwoods13 @apillow069 @dgolden43 @dorothyrileyjohnson @leslieyvette70 @maritza.essFeeling kinda ğŸŒ½y! What your NOT following @gammarhoomicron .Click like & share.#cornonthecob #vegan #elote #mais #salad #maiz #homecooking #maize #streetfood #cooking #foodiesofinstagram #wheat #mexicanfood #snack #foodgasm #healthy #popcorn #vegetarian #bbq#gardeningyoda#gardening #blackgardeners#lowes#miraclegro#blackgirlswithgardens#blackwomenwhogarden#melantedwomenwhogarden#blackgirlwithplants#gardenloversFounder Noble is feeling ğŸŒ½y with her corn stalks.,"{""1"": {""comment_id"": ""gammarhoomicron""  ""comment_text"": ""Happy Founders Week to the Sorors of #gammarhoomicron\n\nJust a few photos of us showing our sorority pride @alanamwoods13 @apillow069 @dgolden43 @dorothyrileyjohnson @leslieyvette70 @maritza.ess\n\nFeeling kinda ğŸŒ½y! What your NOT following @gammarhoomicron .\nClick like & share.\n\n#cornonthecob #vegan #elote #mais #salad #maiz #homecooking #maize #streetfood #cooking #foodiesofinstagram #wheat #mexicanfood #snack #foodgasm #healthy #popcorn #vegetarian #bbq\n#gardeningyoda\n#gardening #blackgardeners\n#lowes\n#miraclegro\n#blackgirlswithgardens\n#blackwomenwhogarden\n#melantedwomenwhogarden\n#blackgirlwithplants\n#gardenlovers\n\nFounder Noble is feeling ğŸŒ½y with her corn stalks.""}  ""2"": {""comment_id"": ""gammarhoomicron""  ""comment_text"": ""Happy Founders Week Sorors sisters!!! Ladies you are looking gorgeous ğŸ˜""}  ""3"": {""comment_id"": ""dorothyrileyjohnson""  ""comment_text"": ""Promote it on @plants_of_greenery ğŸŒ±""}}"
@elijahcraig Batch Proofâ€¦. A122 which is a January dropâ€¦. Should be looking forward to â€œBâ€batch soonâ€¦.Which batch do you think â€œbalancesâ€ aging with proof the best AB or C?#Barrel #Bourbon #BatchProof #Limited #BrownWater #Whisky #Whiskey #Rye #Malt #Wheat #Liquor #Beer #Wine #HighRye #SingleBarrel #SmallBatch #FatherOfBourbon,"{""1"": {""comment_id"": ""peppersliquors""  ""comment_text"": ""@elijahcraig Batch Proofâ€¦. A122 which is a January dropâ€¦. Should be looking forward to â€œBâ€batch soonâ€¦.\nWhich batch do you think â€œbalancesâ€ aging with proof the best A B  or C?\n#Barrel #Bourbon #BatchProof #Limited #BrownWater #Whisky #Whiskey #Rye #Malt #Wheat #Liquor #Beer #Wine #HighRye #SingleBarrel #SmallBatch #FatherOfBourbon""}  ""2"": {""comment_id"": ""peppersliquors""  ""comment_text"": ""Promote it on @drinks__hubb_ ğŸ»""}}"
Feeling kinda ğŸŒ½y! What your NOT following @ablkgirlwithagarden .Click like & share.#cornonthecob #vegan #elote #mais #salad #maiz #homecooking #maize #streetfood #cooking #foodiesofinstagram #wheat #mexicanfood #lunch #foodgasm #healthy #popcorn #vegetarian #bbq#gardeningyoda#gardening #blackgardeners#lowes#miraclegro#blackgirlswithgardens#blackwomenwhogarden#melantedwomenwhogarden#blackgirlwithplants#gardenlovers #plants_of_greenery,"{""1"": {""comment_id"": ""ablkgirlwithagarden""  ""comment_text"": ""Feeling kinda ğŸŒ½y! What your NOT following @ablkgirlwithagarden .\nClick like & share.\n\n#cornonthecob #vegan #elote #mais #salad #maiz #homecooking #maize #streetfood #cooking #foodiesofinstagram #wheat #mexicanfood #lunch #foodgasm #healthy #popcorn #vegetarian #bbq\n#gardeningyoda\n#gardening #blackgardeners\n#lowes\n#miraclegro\n#blackgirlswithgardens\n#blackwomenwhogarden\n#melantedwomenwhogarden\n#blackgirlwithplants\n#gardenlovers #plants_of_greenery""}  ""2"": {""comment_id"": ""ablkgirlwithagarden""  ""comment_text"": ""Promote it on @plants_of_greenery ğŸŒ±""}}"
#grain #photography #mm #film #filmphotography #nature #filmisnotdead #grainisgood #analogphotography #blackandwhite #art #harvest #agriculture #analog #portrait #bnw #streetphotography #photo #vintage #mmfilm #farming #photooftheday #wheat #kodak #love #farm #blackandwhitephotography #canon #instagram #photographer,"{""1"": {""comment_id"": ""indi_chetta""  ""comment_text"": ""#grain #photography #mm #film #filmphotography #nature #filmisnotdead #grainisgood #analogphotography #blackandwhite #art #harvest #agriculture #analog #portrait #bnw #streetphotography #photo #vintage #mmfilm #farming #photooftheday #wheat #kodak #love #farm #blackandwhitephotography #canon #instagram #photographer""}  ""2"": {""comment_id"": ""indi_chetta""  ""comment_text"": ""Send pic on ğŸ‘‰@the_natural._world""}}"
Quinoa has the ability to retain strength and nutrition much longer compared to other grains. Focusing on itâ€™s benefits NASA has declared that Quinoa is one of the ideal food they include in the diets of astronauts.Letâ€™s think about the amount of nutrition we get by taking Quinoa in our diet on a regular basis. In simpler forms we made in easy for you to do it right away. Tasty noodles infused with Quinoa and Sprouted grains !DELICIOUS ! Right !!Get your pack on www.somemorefoods.com and give your body the nutrition it needs ğŸ“#somemorefoods #somemore #healthyfood #healthylifestyle #healthylife #foodproducts #naturalfood #naturalfoodproducts #quinoanoodles #healthfirst #millet #wheat #moringa #redrice #quinoa,"{""1"": {""comment_id"": ""some_more_food_products""  ""comment_text"": ""Quinoa has the ability to retain strength and nutrition much longer compared to other grains. Focusing on itâ€™s benefits  NASA has declared that Quinoa is one of the ideal food they include in the diets of astronauts.\nLetâ€™s think about the amount of nutrition we get by taking Quinoa in our diet on a regular basis. In simpler forms  we made in easy for you to do it right away. Tasty noodles infused with Quinoa and Sprouted grains !\n\nDELICIOUS ! Right !!\nGet your pack on www.somemorefoods.com and give your body the nutrition it needs ğŸ“\n#somemorefoods #somemore #healthyfood #healthylifestyle #healthylife #foodproducts #naturalfood #naturalfoodproducts #quinoanoodles #healthfirst #millet #wheat #moringa #redrice #quinoa""}}"
Make fine wheat flour at home!Call us Today!#chakki #gharghanti #flour #attachakki #flourmill #fun #food #atta #minivillagesetup #potterymaking #camelcartride #ruralactivities #picnicplace #attamaker #aatamaker #fresh #aatachakki #flourmills #aata #gharghantti #tractorride #adventureactivities #domesticflourmill #attamakermachine #tubewellmudbath #mill #machine #wheat #gurgaon #suryamills,"{""1"": {""comment_id"": ""dreamcare_trading""  ""comment_text"": ""Make fine wheat flour at home!\nCall us Today!\n#chakki #gharghanti #flour #attachakki #flourmill #fun #food #atta #minivillagesetup #potterymaking #camelcartride #ruralactivities #picnicplace #attamaker #aatamaker #fresh #aatachakki #flourmills #aata #gharghantti #tractorride #adventureactivities #domesticflourmill #attamakermachine #tubewellmudbath #mill #machine #wheat #gurgaon #suryamills""}}"
DM TO ORDER -Florida Marlins New Era FittedSize: 7 1/8Color: Wheat (Icy Blue UV)$75 Zelle / +$3 Venmo & PayPalâ€”â€”#FL #Florida #Marlins #Wheat #Brown #Tan #Icy #Blue #IcyUV #Fitted #NewEra #Fitteds #59Fifty #5950 #Hats #Cap #FittedNation #FittedHats #FittedCaps #CapAddict #Metallic #Embroidery #718 #773,"{""1"": {""comment_id"": ""773.fitteds""  ""comment_text"": ""DM TO ORDER -\nFlorida Marlins New Era Fitted\nSize: 7 1/8\nColor: Wheat (Icy Blue UV)\n$75 Zelle / +$3 Venmo & PayPal\nâ€”â€”\n#FL #Florida #Marlins #Wheat #Brown #Tan #Icy #Blue #IcyUV #Fitted #NewEra #Fitteds #59Fifty #5950 #Hats #Cap #FittedNation #FittedHats #FittedCaps #CapAddict #Metallic #Embroidery #718 #773""}}"
Ú¯Ø±ÙˆÙ‡ ØµÙ†Ø¹ØªÛŒ Ù‡Ø§Ø±Ø¯Ù…ØªØ§Ù„Ù…ÛŒÚ©Ø³Ø±550kØ¯Ø±Ø­Ø§Ù„ Ù…ÛŒÚ©Ø³ Ø¢Ø±Ø¯ Ø¬Ù†Ø§Ø¨ Ù…Ù‡Ù†Ø¯Ø³ Ø­Ø¬Øª Ú©ÛŒØ§Ù†ÛŒ#Ù…ÛŒÚ©Ø³Ø±#Ø¢Ø±Ø¯ #Ø¢Ø±Ø¯_Ø³Ø§Ø²ÛŒ #Ú¯Ù†Ø¯Ù… #Ø³ÛŒÙ„Ùˆ #Ø³Ø¨ÙˆØ³ #Ù‡Ø§Ø±Ø¯_Ù…ØªØ§Ù„ #Ú©Ø§Ø±Ø®Ø§Ù†Ù‡_Ø¢Ø±Ø¯ #ØµÙ†Ø¹Øª #mill #millionairemindset #flourmillers #rollermill #flour #flourmill #wheat #mills #machine #iran_flour,"{""1"": {""comment_id"": ""hard_metal__""  ""comment_text"": ""Ú¯Ø±ÙˆÙ‡ ØµÙ†Ø¹ØªÛŒ Ù‡Ø§Ø±Ø¯Ù…ØªØ§Ù„\nÙ…ÛŒÚ©Ø³Ø±550kØ¯Ø±Ø­Ø§Ù„ Ù…ÛŒÚ©Ø³ Ø¢Ø±Ø¯ Ø¬Ù†Ø§Ø¨ Ù…Ù‡Ù†Ø¯Ø³ Ø­Ø¬Øª Ú©ÛŒØ§Ù†ÛŒ\n#Ù…ÛŒÚ©Ø³Ø±#Ø¢Ø±Ø¯ #Ø¢Ø±Ø¯_Ø³Ø§Ø²ÛŒ #Ú¯Ù†Ø¯Ù… #Ø³ÛŒÙ„Ùˆ #Ø³Ø¨ÙˆØ³ #Ù‡Ø§Ø±Ø¯_Ù…ØªØ§Ù„ #Ú©Ø§Ø±Ø®Ø§Ù†Ù‡_Ø¢Ø±Ø¯ #ØµÙ†Ø¹Øª #mill #millionairemindset #flourmillers #rollermill #flour #flourmill #wheat #mills #machine #iran_flour""}  ""2"": {""comment_id"": ""hard_metal__""  ""comment_text"": ""ğŸ‘ğŸ‘ğŸ‘ğŸ‘ğŸ‘ğŸ‘ğŸ‘ğŸ‘ğŸ‘ğŸ‘ğŸ‘""}}"
Well I thought I would give a loaf to my Mum BUT each time she was over or I visited we forgot!Anyways now my wee family of five have literally eaten BOTH loaves!!!! Gone. Itâ€™s only TUESDAY!Iâ€™ve never been a big bread eater but my kids love sandwiches: grilled cheese PB&J turkey and peanut butter and cheese!Mum if you see this I promise the next loaf is headed straight to you! Xoxo,"{""1"": {""comment_id"": ""stoneyhillfarmstand""  ""comment_text"": ""Well  I thought I would give a loaf to my Mum BUT each time she was over or I visited we forgot!\n\nAnyways  now my wee family of five have literally eaten BOTH loaves!!!! Gone. Itâ€™s only TUESDAY!\n\nIâ€™ve never been a big bread eater but my kids love sandwiches: grilled cheese  PB&J  turkey  and peanut butter and cheese!\n\nMum  if you see this  I promise the next loaf is headed straight to you! Xoxo""}  ""2"": {""comment_id"": ""stoneyhillfarmstand""  ""comment_text"": ""#stoneyhillfarmstand\n#sourdough #sourdoughart #sourdoughcrust #sourdoughbread #sourdoughclub #scoringbread #bread #artisanbread #artisansourdoughbread #breadshaping #wildyeast #naturallyleavenend #wheat #homemadebread #baking #levain #sourdoughstarter #breadbosses #mandalamay #fermentation #sourdoughbreadart #homesteadmake #sourdoughscoring #westcoastliving #homemadeisbest #cowichanvalley #vancouverisland""}}"
Wheat fields ğŸŒ¾Shot On Redmi Note 10 pro @redmiindiaProcessed on Lightroom & Internal editorFor more follow: @_passionate_clicksOwner: @im_aryan_ig#xiaomiimagery #xiaomiphotography #macrophotography #mobilephotography #shotbymi #shotwithfebi #yourshotphotographer #nationalgeographic #macroworld #shotonmi #featureme #photography #redminote10pro #redmiphotography #lightroom #edit #photo #nature #leaf #shotonandroid #phone #camera #shot #wheat #yellow #natural #summer #summervibes #vibes #vibe@xiaomi.global @xiaomiindia @miuiofficial @miuiindiaofficial @lightroom,"{""1"": {""comment_id"": ""_passionate_clicks""  ""comment_text"": ""Wheat fields ğŸŒ¾\n\nShot On Redmi Note 10 pro @redmiindia\nProcessed on Lightroom & Internal editor\n\nFor more follow: @_passionate_clicks\nOwner: @im_aryan_ig\n\n#xiaomiimagery #xiaomiphotography #macrophotography #mobilephotography #shotbymi #shotwithfebi #yourshotphotographer #nationalgeographic #macroworld #shotonmi #featureme #photography #redminote10pro #redmiphotography #lightroom #edit #photo #nature #leaf #shotonandroid #phone #camera #shot #wheat #yellow #natural #summer #summervibes #vibes #vibe\n\n@xiaomi.global @xiaomiindia @miuiofficial @miuiindiaofficial @lightroom""}  ""2"": {""comment_id"": ""_passionate_clicks""  ""comment_text"": ""Follow @ramirolocaso ? ğŸ˜â¤ï¸""}}"
Our Frozen Passionfruit Curd and Meringue cake made for a special birthday. Went down a treat.â€¢â€¢â€¢â€¢â€¢â€¢â€¢â€¢â€¢â€¢â€¢â€¢â€¢â€¢â€¢â€¢â€¢â€¢â€¢â€¢â€¢â€¢â€¢â€¢â€¢â€¢â€¢â€¢#gluten-free #gf #gfrecipes#coeliac #celiac #coeliacaustralia#thecoeliacsrevenge#wheat-freerecipes#sweetrevenge,"{""1"": {""comment_id"": ""thecoeliacsrevenge""  ""comment_text"": ""Our Frozen Passionfruit Curd and Meringue cake  made for a special birthday. Went down a treat.\nâ€¢â€¢â€¢â€¢â€¢â€¢â€¢â€¢â€¢â€¢â€¢â€¢â€¢â€¢â€¢â€¢â€¢â€¢â€¢â€¢â€¢â€¢â€¢â€¢â€¢â€¢â€¢â€¢\n#gluten-free #gf #gfrecipes\n#coeliac #celiac #coeliacaustralia\n#thecoeliacsrevenge\n#wheat-freerecipes\n#sweetrevenge""}}"
Shoe for the day #â˜€ï¸ #nike #lebronsoldier11 #wheat #lebronjames #kotd....,"{""1"": {""comment_id"": ""nyceon""  ""comment_text"": ""Shoe for the day #â˜€ï¸ #nike #lebronsoldier11 #wheat #lebronjames #kotd....""}  ""2"": {""comment_id"": ""nyceon""  ""comment_text"": ""Almost feels like these inspired those Billie Eilish AF1s ğŸ¤”""}}"
Update on my Wheatgrass and Spring Onions...looks great..#wheatgrass #organic #healthyfood #vegan #healthylifestyle #wheatgrassjuice #wheatgrassshot #superfood #detox #clorofila #eatclean #fitness #wheat #natural #spirulina #pastodetrigo #rumputgandum #plantbased #microgreens #fit #superalimento #healthy #fitlifestyle #catlover #wheatgrasshot #mindfoodness #detoxjuices #mindfullness #pastodetrigoverde #juice,"{""1"": {""comment_id"": ""alithespiritualartist""  ""comment_text"": ""Update on my Wheatgrass and Spring Onions...looks great\n.\n.\n\n#wheatgrass #organic #healthyfood #vegan #healthylifestyle #wheatgrassjuice #wheatgrassshot #superfood #detox #clorofila #eatclean #fitness #wheat #natural #spirulina #pastodetrigo #rumputgandum #plantbased #microgreens #fit #superalimento #healthy #fitlifestyle #catlover #wheatgrasshot #mindfoodness #detoxjuices #mindfullness #pastodetrigoverde #juice""}}"
My heart has been broken for the people of Ukraine.My people.I am proud to be half Ukrainian. ğŸ‡ºğŸ‡¦ğŸ¤My grandfather escaped to America when he was young. He sought freedom and a better life for his family. And here I am 70+ years later reaping the benefits of his selfless pursuit.I am free my children are free and the homeland from which my ancestors cameâ€”and where some are still livingâ€”is a place worthy of escape even today.Life is heavy.The world is broken.My heart hurts.Will you pray with me for the people of Ukraine?My people.For safety comfort justice mercy and peace.On behalf of the beautiful people of Ukraine let us pray.-MM#mindfulmotherhood #mindfulmotherhoodpodcast #graphicdesign #digitalart #digital #art #design #watercolor #Ukraine #Ukrainian #proudukrainian #pride #europe #european #american #flower #flowers #sunflower #wheat #breadbasketofeurope #heritage #ancestor #ancestry #immigration #deargod #letuspray #prayforukraine #pray #amen,"{""1"": {""comment_id"": ""maggiemetz""  ""comment_text"": ""My heart has been broken for the people of Ukraine.\nMy people.\n\nI am proud to be half Ukrainian. ğŸ‡ºğŸ‡¦ğŸ¤\n\nMy grandfather escaped to America when he was young. He sought freedom and a better life for his family. And here I am 70+ years later reaping the benefits of his selfless pursuit.\n\nI am free  my children are free  and the homeland from which my ancestors cameâ€”and where some are still livingâ€”is a place worthy of escape even today.\n\nLife is heavy.\nThe world is broken.\nMy heart hurts.\n\nWill you pray with me for the people of Ukraine?\nMy people.\n\nFor safety  comfort  justice  mercy  and peace.\n\nOn behalf of the beautiful people of Ukraine  let us pray.\n\n-MM\n\n#mindfulmotherhood #mindfulmotherhoodpodcast #graphicdesign #digitalart #digital #art #design #watercolor #Ukraine #Ukrainian #proudukrainian #pride #europe #european #american #flower #flowers #sunflower #wheat #breadbasketofeurope #heritage #ancestor #ancestry #immigration #deargod #letuspray #prayforukraine #pray #amen""}  ""2"": {""comment_id"": ""maggiemetz""  ""comment_text"": ""Yes. I am. ğŸ˜”""}  ""3"": {""comment_id"": ""m_j_conway""  ""comment_text"": ""@m_j_conway ğŸ’—""}}"
75% whole wheat.Formula:* 360g levain (80% hydration)* 710g @bartonspringsmill Rouge de Bourdeaux* 90g @kingarthurbaking Sir Galahad* 660g water* 21g salt* 1.75g instant yeastMethod:* Bake @ 400f with steam for 20 mins* Remove steam vent bake for another 30 mins to internal temp of 205f* Remove from pans bake for another 5 mins to create crustYield: two loaves (5x9)Adapted from @maurizio and @kenforkish#bread #sourdough #breadporn #foodgram #levain #wildyeast #theperfectloaf #fwsy #wholewheat #wheat #homemade #foodporn #breadmaking,"{""1"": {""comment_id"": ""nishmakespizza""  ""comment_text"": ""75% whole wheat.\n\nFormula:\n* 360g levain (80% hydration)\n* 710g @bartonspringsmill Rouge de Bourdeaux\n* 90g @kingarthurbaking Sir Galahad\n* 660g water\n* 21g salt\n* 1.75g instant yeast\n\nMethod:\n* Bake @ 400f with steam for 20 mins\n* Remove steam  vent  bake for another 30 mins to internal temp of 205f\n* Remove from pans  bake for another 5 mins to create crust\n\nYield: two loaves (5x9)\n\nAdapted from @maurizio and @kenforkish\n\n#bread #sourdough #breadporn #foodgram #levain #wildyeast #theperfectloaf #fwsy #wholewheat #wheat #homemade #foodporn #breadmaking""}}"
Pictured Above: The Garden the Chickens made from â€œscratchâ€ğŸ¥²Today we discovered cucumber is also growing in the garden along with Sorghum! (I thought it was only corn growing) This has inspired us to really garden this year. We have cantaloupes carrots lettuce beets sweet pepper snap peas and tomatoes planted. Some have already sprouted. ğŸ¥¹ Today I bought herbs and flowers to plant specifically for the girls! ğŸŒ±ğŸ“ğŸ‘©â€ğŸŒ¾ğŸ§‘â€ğŸŒ¾ stay tuned!......#garden #chickengarden #madefromscratch #amazing #growth #nature #organic #vegetables #herbs #gardening #madebychickens #cucmber #maize #sorghum #basil #watermelon #blackmustard #wheat #millet #homesteading #growyourownfood #lovechickens #superchickens #lovemychickens #hens #fresheggs #freshveggies #pleasantsurprises,"{""1"": {""comment_id"": ""kinder_clucks""  ""comment_text"": ""Pictured Above: The Garden the Chickens made from â€œscratchâ€ğŸ¥²\n\nToday we discovered cucumber is also growing in the garden  along with Sorghum! (I thought it was only corn growing) This has inspired us to really garden this year. We have cantaloupes  carrots  lettuce  beets  sweet pepper  snap peas  and tomatoes planted. Some have already sprouted. ğŸ¥¹ Today I bought herbs and flowers to plant specifically for the girls! ğŸŒ±ğŸ“ğŸ‘©â€ğŸŒ¾ğŸ§‘â€ğŸŒ¾ stay tuned!\n.\n.\n.\n.\n.\n.\n#garden #chickengarden #madefromscratch #amazing #growth #nature #organic #vegetables #herbs #gardening #madebychickens #cucmber #maize #sorghum #basil #watermelon #blackmustard #wheat #millet #homesteading #growyourownfood #lovechickens #superchickens #lovemychickens #hens #fresheggs #freshveggies #pleasantsurprises""}  ""2"": {""comment_id"": ""kinder_clucks""  ""comment_text"": ""Promote it on @plants_of_greenery ğŸŒ±""}}"
Graded coin from @ngccoins #leecoinscollectibles #wheatcent #VDB #1909vdb #1909vdbpenny #coins #penny #wheat You can purchase at my eBay store: Leeâ€™s Coins and Collectibles username: tdlee22 Also at ColorCents at username: colorcents @midtownmm @leecoinscollectibles www.leescoinsandcollectibles.com,"{""1"": {""comment_id"": ""leecoinscollectibles""  ""comment_text"": ""Graded coin from @ngccoins #leecoinscollectibles #wheatcent #VDB #1909vdb #1909vdbpenny #coins #penny #wheat You can purchase at my eBay store: Leeâ€™s Coins and Collectibles username: tdlee22 Also at ColorCents at username: colorcents @midtownmm @leecoinscollectibles www.leescoinsandcollectibles.com""}}"
Local traders are expecting a price hike and supply shock as global #wheat prices soar to record highs as a result of a double whammy â€“ the #Russian-Ukraine war and Indiaâ€™s ban on exports.Read more via link in bioFor more stories from The Star visit fb.com/thestaronline#TheStarMalaysia #News,"{""1"": {""comment_id"": ""thestaronline""  ""comment_text"": ""Local traders are expecting a price hike and supply shock as global #wheat prices soar to record highs as a result of a double whammy â€“ the #Russian-Ukraine war and Indiaâ€™s ban on exports.\n\nRead more via link in bio\n\nFor more stories from The Star  visit fb.com/thestaronline\n\n#TheStarMalaysia #News""}  ""2"": {""comment_id"": ""thestaronline""  ""comment_text"": ""Grow our own wheat""}}"
Gluten strandsâ€¦ a healthy starter is the key to all successful sourdough baking......#baking#wheat#countrydough#countrysour#homemadesourdough#flourwatersalt#sourdoughstarter#levain#bakingbread#artisanbaker#naturallyleavened#ilovesourdough#countrysour#glutenstrands,"{""1"": {""comment_id"": ""chill.spice""  ""comment_text"": ""Gluten strandsâ€¦ a healthy starter is the key to all successful sourdough baking.\n\n.\n.\n.\n.\n.\n#baking#wheat#countrydough#countrysour#homemadesourdough#flourwatersalt#sourdoughstarter#levain#bakingbread#artisanbaker#naturallyleavened#ilovesourdough#countrysour#glutenstrands""}  ""2"": {""comment_id"": ""chill.spice""  ""comment_text"": ""Wow  Bethany  how fun is this ğŸ™ŒğŸ™Œ""}  ""3"": {""comment_id"": ""alaskanhome_""  ""comment_text"": ""@alaskanhome_ Lol ty Maria! The strength of gluten strands never cease to amaze me!ğŸ¤©ğŸ¥–""}}"
love a good evening walk + thunderstorms.#wheat #swoklahoma #farmlife #showcattle #farmerswife #rcrr #raisingcattleandkids,"{""1"": {""comment_id"": ""courtney.ridling""  ""comment_text"": ""love a good evening walk + thunderstorms.\n\n#wheat #swoklahoma #farmlife #showcattle #farmerswife #rcrr #raisingcattleandkids""}}"
ğŸŒ¾â€¢â€¢â€¢â€¢â€¢#marshes#golf #creators #filmisnotdead #sunset#solarcollective #exploreobserveshare#somewheremagazine #thislittlemoment#moodygrams #mysimpleperspective#shecreateswithlight #goldenhour #goldenmagazine#sunsetphotography #wheat,"{""1"": {""comment_id"": ""reesenco""  ""comment_text"": ""ğŸŒ¾\nâ€¢\nâ€¢\nâ€¢\nâ€¢\nâ€¢\n#marshes\n#golf #creators #filmisnotdead #sunset\n#solarcollective #exploreobserveshare\n#somewheremagazine #thislittlemoment\n#moodygrams #mysimpleperspective\n#shecreateswithlight #goldenhour #goldenmagazine\n#sunsetphotography #wheat""}  ""2"": {""comment_id"": ""reesenco""  ""comment_text"": ""ğŸ‘ğŸ‘ŒğŸ‘ŒğŸ’¯ğŸ’¯ğŸ’šğŸ’š""}}"
Sunset over the wheat fields #farm #wheat #sunset #sunset,"{""1"": {""comment_id"": ""rustic_aperture_photography""  ""comment_text"": ""Sunset over the wheat fields #farm #wheat #sunset #sunset""}}"
æœ¬æ—¥ã‚‚ã€éº¦åˆˆâœ¨è£¸éº¦ã‚‚ã€ã‚ã¨å°‘ã—ã§çµ‚ã‚ã‚Šã¾ã™ğŸ’ªè‹—ã‚‚å¤§ãããªã£ã¦ãã¦ã„ã‚‹ã®ã§ã€åœ°ã”ã—ã‚‰ãˆéƒ¨éšŠã‚‚é ‘å¼µã£ã¦ãã‚Œã¦ã„ã¾ã™â—ï¸é€±æ˜ã‘ã«ã¯ç”°æ¤ãˆäºˆå®šã§ã™ğŸ‘#è¾²æ¥­ #éº¦åˆˆã‚Š #è£¸éº¦ #ã‚¤ãƒãƒãƒ³ãƒœã‚· #æ°´ç¨² #ç”°æ¤ãˆæº–å‚™ #è‹— #ç±³ #agriculture #wheat #rises,"{""1"": {""comment_id"": ""beifarm.inc""  ""comment_text"": ""æœ¬æ—¥ã‚‚ã€éº¦åˆˆâœ¨\nè£¸éº¦ã‚‚ã€ã‚ã¨å°‘ã—ã§çµ‚ã‚ã‚Šã¾ã™ğŸ’ª\nè‹—ã‚‚å¤§ãããªã£ã¦ãã¦ã„ã‚‹ã®ã§ã€åœ°ã”ã—ã‚‰ãˆéƒ¨éšŠã‚‚é ‘å¼µã£ã¦ãã‚Œã¦ã„ã¾ã™â—ï¸\né€±æ˜ã‘ã«ã¯ç”°æ¤ãˆäºˆå®šã§ã™ğŸ‘\n#è¾²æ¥­ #éº¦åˆˆã‚Š #è£¸éº¦ #ã‚¤ãƒãƒãƒ³ãƒœã‚· #æ°´ç¨² #ç”°æ¤ãˆæº–å‚™ #è‹— #ç±³ #agriculture #wheat #rises""}}"
I donâ€™t know many things more beautiful and peaceful than wheat and this particular one from Turkey vigorously grew through winter and is now going to seed ğŸ˜ The second photo is rye also from Turkey and as tall as I am ğŸ˜³ I mean I am short but still I love how the stalks rebel against easy harvest with machines. #wheat #rye #seedsofturkey #seedsofanatolia #anatolianseeds #buÄŸday #Ã§avdar #anatohumproject #myfieldismyhome,"{""1"": {""comment_id"": ""twoseedsinapod""  ""comment_text"": ""I donâ€™t know many things more beautiful and peaceful than wheat  and this particular one from Turkey vigorously grew through winter and is now going to seed ğŸ˜ The second photo is rye  also from Turkey  and as tall as I am ğŸ˜³ I mean I am short but still  I love how the stalks rebel against easy harvest with machines. #wheat #rye #seedsofturkey #seedsofanatolia #anatolianseeds #buÄŸday #Ã§avdar #anatohumproject #myfieldismyhome""}}"
Wheat Flour masala khakara .......##wheat#wheatflourrecipes#khakara#gujratirecipes#indianfood#homemadefood#healthyfood...hit â¤ï¸,"{""1"": {""comment_id"": ""bhawana_chithore""  ""comment_text"": ""Wheat Flour masala khakara ...\n.\n.\n.\n.\n\n##wheat\n#wheatflourrecipes\n#khakara\n#gujratirecipes\n#indianfood\n#homemadefood\n#healthyfood\n.\n.\n.hit â¤ï¸""}  ""2"": {""comment_id"": ""bhawana_chithore""  ""comment_text"": ""Hello there  Plant Parent! We would like you to represent our brand TheGreenBeginning ğŸŒ! Send us a message at @thegreenbeginnings for more details.ğŸ’Œ""}  ""3"": {""comment_id"": ""thegreenbeginnings.felix""  ""comment_text"": ""ğŸ’™â¤ï¸""}}"
Chapati (SGD $1.80) @ Al-Ameen Eating House / Ameen Makan House..Rolled with whole wheat flour then baked on a skillet..While texture of the chapati is slightly fimer than elsewhere flavour is delicately grainy savoury sweet..Being thin it's meant to be used for scooping up ingredients (instead of absorbing curries)....ChapatiAl-Ameen Eating House / Ameen Makan House@ 4 Cheong Chin Nam Road.More details:https://ivanteh-runningman.blogspot.com/2022/05/best-of-singapore-hawkers-chapati.html,"{""1"": {""comment_id"": ""ivan_teh_runningman""  ""comment_text"": ""Chapati (SGD $1.80) @ Al-Ameen Eating House / Ameen Makan House.\n.\nRolled with whole wheat flour  then baked on a skillet.\n.\nWhile texture of the chapati is slightly fimer than elsewhere  flavour is delicately grainy savoury sweet.\n.\nBeing thin  it's meant to be used for scooping up ingredients (instead of absorbing curries).\n.\n.\n.\nChapati\nAl-Ameen Eating House / Ameen Makan House\n@ 4 Cheong Chin Nam Road\n.\nMore details:\nhttps://ivanteh-runningman.blogspot.com/2022/05/best-of-singapore-hawkers-chapati.html""}  ""2"": {""comment_id"": ""ivan_teh_runningman""  ""comment_text"": ""#IvanTehRunningMan #food #sgfood #burpple #burpplesg #igsg #sgbloggers #tripadvisor #casualdining #hawkers #sghawker #sghawkerfood #caneathawkerfood #chapati #bread #flatbread #wheat""}}"
Day 120Spent tons of time this morning on file organization (woo) But I found all kinds of pictures for portraits I haven't shared yet and now they're all organized and ready to go!Because of that big time suck I decided to do another mini drawing before commission work and just play with some color as a nice warm up.Created with Panpastels and charcoal on Stonehenge by Legion Paper. 2.5x3.5 ACEO in about 25 minutes.#aceo #miniart #minipainting #sunset #wheat #grass #landscape #panpastels #pastels #charcoal #dailyart #dailydrawing,"{""1"": {""comment_id"": ""lainyart""  ""comment_text"": ""Day 120\nSpent tons of time this morning on file organization (woo) But I found all kinds of pictures for portraits I haven't shared yet and now they're all organized and ready to go!\nBecause of that big time suck  I decided to do another mini drawing before commission work and just play with some color as a nice warm up.\n\nCreated with Panpastels and charcoal on Stonehenge by Legion Paper. 2.5x3.5 ACEO in about 25 minutes.\n\n#aceo #miniart #minipainting #sunset #wheat #grass #landscape #panpastels #pastels #charcoal #dailyart #dailydrawing""}}"
Back to work ğŸ’ªğŸ»#sourdough #sourdoughscoring #pandebarra #hogazadepan #traditional #wheat #breadeveryday #bakedathome #sanluispotosi #mexico,"{""1"": {""comment_id"": ""sourlovemx""  ""comment_text"": ""Back to work ğŸ’ªğŸ»\n\n#sourdough #sourdoughscoring #pandebarra #hogazadepan #traditional #wheat #breadeveryday #bakedathome #sanluispotosi #mexico""}}"
Lonesome tree#johnthompsonimagery #myvision #dronephotography #myvision #tree #aerialphotography #farming #wheat #arablefarming #lines #green,"{""1"": {""comment_id"": ""john_thompson_imagery""  ""comment_text"": ""Lonesome tree\n\n#johnthompsonimagery #myvision #dronephotography #myvision #tree #aerialphotography #farming #wheat #arablefarming #lines #green""}}"
2022 wheat harvest is quickly approaching here are some tips to make sure everything is in order for a smooth harvest:ğŸŒ¾ - Any wheat from prior years being stored in bins needs to be documented â€“ company adjusters can help!ğŸŒ¾ - 2022 Seed Wheat harvested will need stamped weigh tickets or a bin measurement â€“ give us a call us when ready!ğŸ“ - (800) 458-4819#ProudToFarm #ProudToServe #ProudToInsure #CropInsurance #ModernAg #Oklahoma #Texas #Wheat #Harvest #WheatHarvest #Harvest2022 #Harvest22,"{""1"": {""comment_id"": ""fowleragencyllc""  ""comment_text"": ""2022 wheat harvest is quickly approaching  here are some tips to make sure everything is in order for a smooth harvest:\n\nğŸŒ¾ - Any wheat from prior years being stored in bins needs to be documented â€“ company adjusters can help!\n\nğŸŒ¾ - 2022 Seed Wheat harvested will need stamped weigh tickets or a bin measurement â€“ give us a call us when ready!\n\nğŸ“ - (800) 458-4819\n\n#ProudToFarm #ProudToServe #ProudToInsure #CropInsurance #ModernAg #Oklahoma #Texas #Wheat #Harvest #WheatHarvest #Harvest2022 #Harvest22""}}"
A great day of judging yesterday a big thanks to every in the SA baking industry for the support. Winners announced today at 2pm. #meatpies #bread #competition #adelaide #vanrooy #glad #begadairyanddrinks #dairyfarmers #pastry #wheat #flour #dough #beef #manildra,"{""1"": {""comment_id"": ""baking.australia""  ""comment_text"": ""A great day of judging yesterday a big thanks to every in the SA baking industry for the support. Winners announced today at 2pm. #meatpies #bread #competition #adelaide #vanrooy #glad #begadairyanddrinks #dairyfarmers #pastry #wheat #flour #dough #beef #manildra""}}"
Itâ€™s a heat pack kinda day! One of these cuties is going out today. Shop now www.luckydipknitsau.com #cat #cats #heatpack #handmade #lavender #wheat #catsofinstgram #pussycat #meow #lavenderandwheat #kobe #available #availablenow,"{""1"": {""comment_id"": ""luckydipknits""  ""comment_text"": ""Itâ€™s a heat pack kinda day! One of these cuties is going out today. Shop now www.luckydipknitsau.com #cat #cats #heatpack #handmade #lavender #wheat #catsofinstgram #pussycat #meow #lavenderandwheat #kobe #available #availablenow""}  ""2"": {""comment_id"": ""luckydipknits""  ""comment_text"": ""Send pic on @unique_.pets_ (3M)""}  ""3"": {""comment_id"": ""karan_9889_""  ""comment_text"": ""Send pic ğŸ“· @pet__kingdom__ 1.1M""}  ""4"": {""comment_id"": ""cho.udhary6783""  ""comment_text"": ""send pic ğŸ“· @pet__kingdom___ 1.5M""}}"
@farmshopca #countrysourdough#kÃ¼rbiskernbrot #sauerteigbrot #roggensauerteig #weizensauerteig #deutschesbrot #fruitandnutbread #olivebatard #pumpkinseedbread #sesame #flaxseed #sesameseeds #sourdough #ryesourdough #wheatsourdough #wheatlevain #wheat #ryebread #austrianbaker #farmshopla #farmshop #losangeles #culvercity #southcalifornia #california #breadnation #sourdoughnation,"{""1"": {""comment_id"": ""reschbakesfresh""  ""comment_text"": ""@farmshopca #countrysourdough#kÃ¼rbiskernbrot #sauerteigbrot #roggensauerteig #weizensauerteig #deutschesbrot #fruitandnutbread #olivebatard #pumpkinseedbread #sesame #flaxseed #sesameseeds #sourdough #ryesourdough #wheatsourdough #wheatlevain #wheat #ryebread #austrianbaker #farmshopla #farmshop #losangeles #culvercity #southcalifornia #california #breadnation #sourdoughnation""}  ""2"": {""comment_id"": ""reschbakesfresh""  ""comment_text"": ""â¤ï¸""}  ""3"": {""comment_id"": ""petra_and_romeo""  ""comment_text"": ""I have tried them all! The best!ğŸ‘ğŸ‘ğŸ‘""}  ""4"": {""comment_id"": ""jasna_j.a.s.n.a""  ""comment_text"": ""@jasna_j.a.s.n.a ğŸ™""}}"
@farmshopca #countrysourdough #fruitandnutbread #olivebatard #pumpkinseedbread #sesame #flaxseed #sesameseeds #sourdough #ryesourdough #wheatsourdough #wheatlevain #wheat #ryebread #austrianbaker #farmshopla #farmshop #losangeles #culvercity #southcalifornia #california #breadnation #sourdoughnation,"{""1"": {""comment_id"": ""reschbakesfresh""  ""comment_text"": ""@farmshopca #countrysourdough #fruitandnutbread #olivebatard #pumpkinseedbread #sesame #flaxseed #sesameseeds #sourdough #ryesourdough #wheatsourdough #wheatlevain #wheat #ryebread #austrianbaker #farmshopla #farmshop #losangeles #culvercity #southcalifornia #california #breadnation #sourdoughnation""}}"
I grew some wheat over the winter indoors in a bucket of recycled soil I found on the side of the road by sewing bird seed into it by accident.So I am growing more of it indoors and outdoors.By the looks of the world right now growing your own wheat is probably going to become a pretty popular past time; especially once we run out of gas completely or summer temperatures kill too many people to sustain society or the machinery breaks down.We took the wrong technology path and now we are becoming useless digital zombies.Given how automation of jobs has gone in the past I also dont expect some robot slave utopia where money is obsolete and we all live happy lives with all the time in the world for VR porn.So if I become one of the 100s of millions of roaming homeless I can at least find a remote location to start a stealth farm on Crown Land.#wheat #society #civilization #gardening #meditations #endoftheworldtour,"{""1"": {""comment_id"": ""reflectionfrequency""  ""comment_text"": ""I grew some wheat over the winter indoors in a bucket of recycled soil I found on the side of the road by sewing bird seed into it by accident.\n\nSo I am growing more of it indoors and outdoors.\n\nBy the looks of the world right now  growing your own wheat is probably going to become a pretty popular past time; especially once we run out of gas completely or summer temperatures kill too many people to sustain society or the machinery breaks down.\n\nWe took the wrong technology path and now we are becoming useless digital zombies.\n\nGiven how automation of jobs has gone in the past I also dont expect some robot slave utopia where money is obsolete and we all live happy lives with all the time in the world for VR porn.\n\nSo if I become one of the 100s of millions of roaming homeless I can at least find a remote location to start a stealth farm on Crown Land.\n\n#wheat #society #civilization #gardening #meditations #endoftheworldtour""}}"
#dryflowersdecor #wheat #dryflower #dehydratedflowers,"{""1"": {""comment_id"": ""vanderlei_oliveira_2016""  ""comment_text"": ""#dryflowersdecor #wheat #dryflower #dehydratedflowers""}}"
#baÅŸak #wheat #adana #turkey #wheatensofinstagram #field,"{""1"": {""comment_id"": ""knsykl""  ""comment_text"": ""#baÅŸak #wheat #adana #turkey #wheatensofinstagram #field""}}"
#treesofinstagram #tree #beech #beechtree #wheat #wheatfields #naturephotography #nature #naturelovers,"{""1"": {""comment_id"": ""stephen_john65""  ""comment_text"": ""#treesofinstagram #tree #beech #beechtree #wheat #wheatfields #naturephotography #nature #naturelovers""}  ""2"": {""comment_id"": ""stephen_john65""  ""comment_text"": ""TğŸ’šP ğŸ’ª""}}"
ğŸ‘€ğŸ‘€ğŸ‘€ğŸ‘€ğŸ‘€Balanced fertility and Biologicals. Say it againâ€¦Balanced fertility and Biologicals. It matters folks!Both sides got the same amount of nitrogen but it sho donâ€™t look it. Thanks for letting us learn along side you @cooplandfarms @ctcooper3#ccagsolutions #farmerfirst #wheat #agronomy #kyag365 #kentucky #farm #farming #wheatfarm,"{""1"": {""comment_id"": ""ccagsolutions""  ""comment_text"": ""ğŸ‘€ğŸ‘€ğŸ‘€ğŸ‘€ğŸ‘€\nBalanced fertility and Biologicals. Say it againâ€¦Balanced fertility and Biologicals. It matters folks!\n\nBoth sides got the same amount of nitrogen  but it sho donâ€™t look it. Thanks for letting us learn along side you @cooplandfarms @ctcooper3\n\n#ccagsolutions #farmerfirst #wheat #agronomy #kyag365 #kentucky #farm #farming #wheatfarm""}  ""2"": {""comment_id"": ""ccagsolutions""  ""comment_text"": ""What nutrients do yâ€™all think are big drivers of wheat yield along with the N & S in spring?""}  ""3"": {""comment_id"": ""t_folz""  ""comment_text"": ""@t_folz Boron  Zinc  Potassium  Molybdenum are a few to focus on for sure""}}"
Summer Dreamtime Mango Wheat! Refreshing!#mango #wheat @formulabeer #beer #beerstagram #refreshing #drinks,"{""1"": {""comment_id"": ""kofucious""  ""comment_text"": ""Summer Dreamtime Mango Wheat! Refreshing!\n\n#mango #wheat @formulabeer #beer #beerstagram #refreshing #drinks""}}"
P L A N T I N G ğŸŒ± S E A S O NSpring is planting season around the farm and with all this gorgeous weather weâ€™ve been busy!Different fields need different treatment depending on the crops to be grown soil health etc. Some of the steps that need to be taken may include spreading composted manure (we sure do stink up the neighbourhood for a few days every spring ğŸ’©) tilling the land planting some seeds (such as corn ğŸŒ½ beans grains etc.) and/or fertilizing winter crops.Here you can see a spreader full of fertilizer about to be applied to a nearby field of winter wheat ğŸŒ¾ Dad says it will help the wheat grow big and chunky just like me.- Roscoe ğŸ¾#dairy #dairyfarm #dairyfarmersofcanada #dairyfarmersofontario #cows #cowsofinstagram #twincreekfarm #TCF #holstein #agriculture #wheat #fertilizer #tractor #caseih #farmdog #dogsofinstagram #ontario #canada #farm #farming #spring #canadianfarmers #milk #cheese #canadiandairy #support #supportfarmers #photography,"{""1"": {""comment_id"": ""twincreekfarmdairy""  ""comment_text"": ""P L A N T I N G ğŸŒ± S E A S O N\n\nSpring is planting season around the farm  and with all this gorgeous weather  weâ€™ve been busy!\n\nDifferent fields need different treatment depending on the crops to be grown  soil health  etc. Some of the steps that need to be taken may include spreading composted manure (we sure do stink up the neighbourhood for a few days every spring ğŸ’©)  tilling the land  planting some seeds (such as corn ğŸŒ½  beans  grains  etc.) and/or fertilizing winter crops.\n\nHere you can see a spreader full of fertilizer  about to be applied to a nearby field of winter wheat ğŸŒ¾ Dad says it will help the wheat grow big and chunky  just like me.\n- Roscoe ğŸ¾\n\n#dairy #dairyfarm #dairyfarmersofcanada #dairyfarmersofontario #cows #cowsofinstagram #twincreekfarm #TCF #holstein #agriculture #wheat #fertilizer #tractor #caseih #farmdog #dogsofinstagram #ontario #canada #farm #farming #spring #canadianfarmers #milk #cheese #canadiandairy #support #supportfarmers #photography""}}"
ğŸ“Stesso postoğŸŒ¾Stesso granoğŸ˜” New entry: PapaveroL'assenza di piogge post semina ha ridotto l effetto del diserbo e la capacitÃ  del grano di competere con le infestanti a completare il tutto uno scarso accestimento.ğŸ“Same locationğŸŒ¾Same wheatğŸ˜”New entry: PoppiesIt didn't rain after the sowing of wheat and the consequences are:-tillering at a lower rate-increase of weeds-the effectiveness of weeding was compromised#grano #papavero #infestanti#agricoltura #agricolturainpienocampo #agronomiağŸŒ±#wheat #poppies #weeds#agriculture #agronomist#myjobâ¤ï¸ #italyğŸ‡®ğŸ‡¹ #Sardiniaagriculture,"{""1"": {""comment_id"": ""agronomando_bm""  ""comment_text"": ""ğŸ“Stesso posto\nğŸŒ¾Stesso grano\nğŸ˜” New entry: Papavero\nL'assenza di piogge post semina ha ridotto l effetto del diserbo e la capacitÃ  del grano di competere con le infestanti  a completare il tutto uno scarso accestimento.\n\nğŸ“Same location\nğŸŒ¾Same wheat\nğŸ˜”New entry: Poppies\nIt didn't rain after the sowing of wheat and the consequences are:\n-tillering at a lower rate\n-increase of weeds\n-the effectiveness of weeding was compromised\n\n#grano #papavero #infestanti\n#agricoltura #agricolturainpienocampo #agronomiağŸŒ±\n\n#wheat #poppies #weeds\n#agriculture #agronomist\n#myjobâ¤ï¸ #italyğŸ‡®ğŸ‡¹ #Sardiniaagriculture""}}"
Blazing sunset in Hertfordshire England highlighting the wheat just beginning to turn summer is here but with a moody sky!#sunset #sunsetphotography #photooftheday #photographylover #photo #dusk #tree #perfect #england #sky #skyporn #vivid #blazing #goldenhour #golden #wheat #crops #camera #sonyalpha #relax #tranquil #awe #mood #atmosphere #countryside #rural #rurallife #photography #herefordshire,"{""1"": {""comment_id"": ""photos_by_sgallagher""  ""comment_text"": ""Blazing sunset in Hertfordshire  England  highlighting the wheat just beginning to turn  summer is here  but with a moody sky!\n\n#sunset #sunsetphotography #photooftheday #photographylover #photo #dusk #tree #perfect #england #sky #skyporn #vivid #blazing #goldenhour #golden #wheat #crops #camera #sonyalpha #relax #tranquil #awe #mood #atmosphere #countryside #rural #rurallife #photography #herefordshire""}  ""2"": {""comment_id"": ""photos_by_sgallagher""  ""comment_text"": ""Send pic on â¤ï¸ @photography_.pixels""}}"
NUTTY WHOLE WHEAT JAGGERY CAKE. ğŸ‚ğŸŒ¾.Healthiest option to include in your sweet tooth diaries. Who wants to know the recipe?ğŸŒˆ ğŸ˜ğŸ¤¤..#delhieats #delhigram #foodporn #foodgasm #delhifoodie #foodphotography #foodblogger #foodie #foodiesofinstagram #foodcoma #healthyfood #tasty #eatsmart #foodstagram #thetrippydiet #yummy #foodblog #bloggersofinstagram #delhifoodbloggers #foodmania #cakelover #picoftheday #sweettooth #jaggery #wheat #nuts #pistachiocake #cakesofinstagram #foodstagram #foodlover #followforfollowback,"{""1"": {""comment_id"": ""the_trippy_diet""  ""comment_text"": ""NUTTY WHOLE WHEAT JAGGERY CAKE. ğŸ‚ğŸŒ¾\n.\nHealthiest option to include in your sweet tooth diaries. Who wants to know the recipe?ğŸŒˆ ğŸ˜ğŸ¤¤\n.\n.\n#delhieats #delhigram #foodporn #foodgasm #delhifoodie #foodphotography #foodblogger #foodie #foodiesofinstagram #foodcoma #healthyfood #tasty #eatsmart #foodstagram #thetrippydiet #yummy #foodblog #bloggersofinstagram #delhifoodbloggers #foodmania #cakelover #picoftheday #sweettooth #jaggery #wheat #nuts #pistachiocake #cakesofinstagram #foodstagram #foodlover #followforfollowback""}  ""2"": {""comment_id"": ""the_trippy_diet""  ""comment_text"": ""ğ’ğğ§ğ ğŒğ ğğ¢ğœ ğğ§ @food.hub.ig""}}"
#wheat #barley #farmlife,"{""1"": {""comment_id"": ""florimon_agro""  ""comment_text"": ""#wheat #barley #farmlife""}  ""2"": {""comment_id"": ""florimon_agro""  ""comment_text"": ""ğŸ™ŒğŸ”ğŸ”""}  ""3"": {""comment_id"": ""ionutmihai.dragomir""  ""comment_text"": ""ğŸ™â¤ï¸""}  ""4"": {""comment_id"": ""mada.fra93""  ""comment_text"": ""@mada.fra93 ğŸ’‹ğŸ’‹""}}"
ğŸ—»ğŸŒ„âœ¨Mt Fujiâœ¨ğŸŒ„ğŸ—»2022.5.18(Wed) â˜€ï¸15â„ƒã€½ï¸ãŠã¯ã‚ˆã†ã”ã–ã„ã¾ã™ğŸ˜ƒâ˜†ä»Šæœã®æœç„¼ã‘ã¨å¯Œå£«å±±ğŸ—»ğŸ—»ğŸ—»ã§ã™Oi town Pref. kanagawaiPhone13pro EOS 9000D#æ—¥æœ¬ä¸€#japan#ä»Šæ—¥ã®å¯Œå£«å±±#mtfuji#ã‚¤ãƒã‚½ãƒ©#mtf#å¯Œå£«å±±å¤§å¥½ã#fujisan#worldheritage#countryside#love#beautiful#instagood#photooftheday#sky#blue#mountain#skyblue#white#fujiyama#æ˜¥#spring#æ¸…ã€…ã—ã„#å±±#ç´…å¯Œå£«#red#éº¦#wheat#æœç„¼ã‘#orange,"{""1"": {""comment_id"": ""natsugari_yasuaki""  ""comment_text"": ""ğŸ—»ğŸŒ„âœ¨Mt Fujiâœ¨ğŸŒ„ğŸ—»\n2022.5.18(Wed) â˜€ï¸15â„ƒ\nã€½ï¸ãŠã¯ã‚ˆã†ã”ã–ã„ã¾ã™ğŸ˜ƒ\nâ˜†ä»Šæœã®æœç„¼ã‘ã¨å¯Œå£«å±±ğŸ—»ğŸ—»ğŸ—»ã§ã™\nOi town Pref. kanagawa\niPhone13pro EOS 9000D\n#æ—¥æœ¬ä¸€#japan#ä»Šæ—¥ã®å¯Œå£«å±±#mtfuji#ã‚¤ãƒã‚½ãƒ©\n#mtf#å¯Œå£«å±±å¤§å¥½ã#fujisan\n#worldheritage#countryside#love\n#beautiful#instagood#photooftheday#sky#blue\n#mountain#skyblue#white#fujiyama#æ˜¥#spring#æ¸…ã€…ã—ã„#å±±#ç´…å¯Œå£«#red#éº¦#wheat#æœç„¼ã‘#orange""}}"
é»„é‡‘ã«è¼ãéº¦ç•‘æ˜¨æ—¥ã®å¤•æ—¥ã¯ã»ã‚“ã¨ã«ç¶ºéº—ã§ã—ãŸé’ç©ºã¨ç·‘è‰²ã®éº¦ç•‘ãŒå¤•æ—¥ã«æŸ“ã¾ã£ãŸç©ºã‚‚å¤•æ—¥ã‚‚éº¦ç•‘ã‚‚ã¨ã¦ã‚‚ç¶ºéº—ã§è±Šå²¡ã«ã“ã‚“ãªç¾ã—ã„å ´æ‰€ãŒã‚ã£ã¦è‰¯ã‹ã£ãŸã¨æ€ã„ã¾ã—ãŸ#éº¦ç•‘#éº¦#éº¦ç©‚#éº¦ç•‘ã¨ç©º#éº¦ç•‘ã¨å¤•æ—¥#å¤•æ—¥#å¤•ç„¼ã‘#å¤•é™½#Sunset#è±Šå²¡å¸‚#å…­æ–¹ç”°ã‚“ã¼#æ˜”ãªãŒã‚‰ã®é¢¨æ™¯#å¤•æ—¥ãŒç¶ºéº—#å…­é¢ä½“è±Šå²¡#ãã¦ã¿ã¦å…µåº«é“ã®é§…#ã®ã©ã‹ãªé¢¨æ™¯#æ—¥æœ¬ã®ç¾ã—ã„é¢¨æ™¯#æ—¥æœ¬ã®é¢¨æ™¯#Wheat field#é’ç©ºã¨é›²#é’ç©º#Dyed in gold#Golden wheat field#éº¦ç§‹#ç”°åœ’é¢¨æ™¯,"{""1"": {""comment_id"": ""keisuke_hano""  ""comment_text"": ""é»„é‡‘ã«è¼ãéº¦ç•‘\n\næ˜¨æ—¥ã®å¤•æ—¥ã¯ã»ã‚“ã¨ã«ç¶ºéº—ã§ã—ãŸ\né’ç©ºã¨ç·‘è‰²ã®éº¦ç•‘ãŒå¤•æ—¥ã«æŸ“ã¾ã£ãŸ\nç©ºã‚‚å¤•æ—¥ã‚‚éº¦ç•‘ã‚‚ã¨ã¦ã‚‚ç¶ºéº—ã§\nè±Šå²¡ã«ã“ã‚“ãªç¾ã—ã„å ´æ‰€ãŒã‚ã£ã¦è‰¯ã‹ã£ãŸã¨æ€ã„ã¾ã—ãŸ\n\n#éº¦ç•‘\n#éº¦\n#éº¦ç©‚\n#éº¦ç•‘ã¨ç©º\n#éº¦ç•‘ã¨å¤•æ—¥\n#å¤•æ—¥\n#å¤•ç„¼ã‘\n#å¤•é™½\n#Sunset\n#è±Šå²¡å¸‚\n#å…­æ–¹ç”°ã‚“ã¼\n#æ˜”ãªãŒã‚‰ã®é¢¨æ™¯\n#å¤•æ—¥ãŒç¶ºéº—\n#å…­é¢ä½“è±Šå²¡\n#ãã¦ã¿ã¦å…µåº«é“ã®é§…\n#ã®ã©ã‹ãªé¢¨æ™¯\n#æ—¥æœ¬ã®ç¾ã—ã„é¢¨æ™¯\n#æ—¥æœ¬ã®é¢¨æ™¯\n#Wheat field\n#é’ç©ºã¨é›²\n#é’ç©º\n#Dyed in gold\n#Golden wheat field\n#éº¦ç§‹\n#ç”°åœ’é¢¨æ™¯""}}"
Did you know that soaking these Red Spring berries overnight makes a great breakfast cereal! Or you can grind for your own flour texture! Check these out at www.eatwyoming.com#wyomingheritagegrains #regenerativefarming #whitesonorawheat #wheat #farming #eatwyoming,"{""1"": {""comment_id"": ""eatwyoming""  ""comment_text"": ""Did you know that soaking these Red Spring berries overnight makes a great breakfast cereal! Or you can grind for your own flour texture! Check these out at www.eatwyoming.com\n\n#wyomingheritagegrains #regenerativefarming #whitesonorawheat #wheat #farming #eatwyoming""}}"
